1-925952-G-A	SAMD11	ENST00000616016	not_lof	missense_variant	Unmet	Unmet	SS1
1-925956-C-T	SAMD11	ENST00000616016	not_lof	synonymous_variant	Unmet	Unmet	na
1-925969-C-T	SAMD11	ENST00000616016	not_lof	missense_variant	Unmet	Unmet	na
1-925976-T-C	SAMD11	ENST00000616016	not_lof	missense_variant	Unmet	Unmet	na
1-925986-C-T	SAMD11	ENST00000616016	not_lof	synonymous_variant	Unmet	Unmet	na
1-926003-C-T	SAMD11	ENST00000616016	not_lof	missense_variant	Unmet	Unmet	na
1-926010-G-T	SAMD11	ENST00000616016	not_lof	synonymous_variant	Unmet	Unmet	na
1-926014-G-A	SAMD11	ENST00000616016	not_canonical	splice-5	Unmet	Unmet	NF1
1-926025-G-A	SAMD11	ENST00000616016	not_lof	intron_variant	Unmet	Unmet	na
1-926027-C-T	SAMD11	ENST00000616016	not_lof	intron_variant	Unmet	Unmet	na
1-926029-C-T	SAMD11	ENST00000616016	not_lof	intron_variant	Unmet	Unmet	na
1-930136-TCTC-T	SAMD11	ENST00000616016	not_lof	splice_polypyrimidine_tract_variant&intron_variant	Unmet	Unmet	na
1-930136-T-C	SAMD11	ENST00000616016	not_lof	intron_variant	Unmet	Unmet	na
1-930139-C-T	SAMD11	ENST00000616016	not_lof	splice_polypyrimidine_tract_variant&intron_variant	Unmet	Unmet	na
1-930158-C-T	SAMD11	ENST00000616016	not_lof	missense_variant	Unmet	Unmet	na
1-930163-G-A	SAMD11	ENST00000616016	not_lof	synonymous_variant	Unmet	Unmet	na
1-930165-G-A	SAMD11	ENST00000616016	not_lof	missense_variant	Unmet	Unmet	na
1-930186-T-C	SAMD11	ENST00000616016	not_lof	missense_variant	Unmet	Unmet	na
1-930187-C-T	SAMD11	ENST00000616016	not_lof	synonymous_variant	Unmet	Unmet	na
1-930188-G-A	SAMD11	ENST00000616016	not_lof	missense_variant	Unmet	Unmet	na
1-930189-C-T	SAMD11	ENST00000616016	not_lof	missense_variant	Unmet	Unmet	na
1-930195-C-G	SAMD11	ENST00000616016	not_lof	missense_variant	Unmet	Unmet	na
1-930195-C-T	SAMD11	ENST00000616016	not_lof	missense_variant	Unmet	Unmet	na
1-930199-C-T	SAMD11	ENST00000616016	not_lof	synonymous_variant	Unmet	Unmet	na
1-930200-G-A	SAMD11	ENST00000616016	not_lof	missense_variant	Unmet	Unmet	na
1-930203-C-T	SAMD11	ENST00000616016	not_lof	missense_variant	Unmet	Unmet	na
1-930204-G-A	SAMD11	ENST00000616016	not_lof	missense_variant	Unmet	Unmet	na
1-930209-C-T	SAMD11	ENST00000616016	not_lof	synonymous_variant	Unmet	Unmet	na
1-930215-A-G	SAMD11	ENST00000616016	not_lof	missense_variant	Unmet	Unmet	na
1-930218-G-A	SAMD11	ENST00000616016	not_lof	missense_variant	Unmet	Unmet	na
1-930220-G-A	SAMD11	ENST00000616016	not_lof	synonymous_variant	Unmet	Unmet	na
1-930222-GAACTC-TTCTTCTG	SAMD11	ENST00000616016	not_canonical	frameshift	Unmet	Unmet	na
1-930243-G-A	SAMD11	ENST00000616016	not_lof	missense_variant	Unmet	Unmet	na
1-930245-G-A	SAMD11	ENST00000616016	not_lof	missense_variant	Unmet	Unmet	na
1-930247-T-C	SAMD11	ENST00000616016	not_lof	synonymous_variant	Unmet	Unmet	na
1-930248-G-A	SAMD11	ENST00000616016	not_lof	missense_variant	Unmet	Unmet	na
1-930259-C-T	SAMD11	ENST00000616016	not_lof	synonymous_variant	Unmet	Unmet	na
1-930260-G-A	SAMD11	ENST00000616016	not_lof	missense_variant	Unmet	Unmet	na
1-930261-G-C	SAMD11	ENST00000616016	not_lof	missense_variant	Unmet	Unmet	na
1-930262-G-A	SAMD11	ENST00000616016	not_lof	synonymous_variant	Unmet	Unmet	na
1-930265-T-G	SAMD11	ENST00000616016	not_lof	missense_variant	Unmet	Unmet	na
1-930274-C-T	SAMD11	ENST00000616016	not_lof	synonymous_variant	Unmet	Unmet	na
1-930275-T-G	SAMD11	ENST00000616016	not_lof	missense_variant	Unmet	Unmet	na
1-930281-C-T	SAMD11	ENST00000616016	not_lof	missense_variant	Unmet	Unmet	na
1-930282-G-A	SAMD11	ENST00000616016	not_lof	missense_variant	Unmet	Unmet	na
1-930284-C-T	SAMD11	ENST00000616016	not_lof	missense_variant	Unmet	Unmet	na
1-930285-G-A	SAMD11	ENST00000616016	not_lof	missense_variant	Unmet	Unmet	na
1-930292-C-G	SAMD11	ENST00000616016	not_lof	synonymous_variant	Unmet	Unmet	na
1-930312-C-G	SAMD11	ENST00000616016	not_lof	missense_variant	Unmet	Unmet	na
1-930312-C-T	SAMD11	ENST00000616016	not_lof	missense_variant	Unmet	Unmet	na
1-930313-G-A	SAMD11	ENST00000616016	not_lof	synonymous_variant	Unmet	Unmet	na
1-930314-C-T	SAMD11	ENST00000616016	not_lof	missense_variant	Unmet	Unmet	na
1-930316-C-T	SAMD11	ENST00000616016	not_lof	synonymous_variant	Unmet	Unmet	na
1-930317-A-G	SAMD11	ENST00000616016	not_lof	missense_variant	Unmet	Unmet	na
1-930320-C-T	SAMD11	ENST00000616016	not_lof	missense_variant	Unmet	Unmet	na
1-930320-C-G	SAMD11	ENST00000616016	not_lof	missense_variant	Unmet	Unmet	na
1-930321-G-A	SAMD11	ENST00000616016	not_lof	missense_variant	Unmet	Unmet	na
1-930321-G-T	SAMD11	ENST00000616016	not_lof	missense_variant	Unmet	Unmet	na
1-930323-A-G	SAMD11	ENST00000616016	not_lof	missense_variant	Unmet	Unmet	na
1-930325-C-T	SAMD11	ENST00000616016	not_lof	synonymous_variant	Unmet	Unmet	na
1-930330-A-C	SAMD11	ENST00000616016	not_lof	missense_variant	Unmet	Unmet	na
1-930336-G-A	SAMD11	ENST00000616016	not_lof	missense_variant&splice_region_variant	Unmet	Unmet	na
1-930343-G-T	SAMD11	ENST00000616016	not_lof	splice_region_variant&intron_variant	Unmet	Unmet	na
1-930346-C-G	SAMD11	ENST00000616016	not_lof	intron_variant	Unmet	Unmet	na
1-930347-C-G	SAMD11	ENST00000616016	not_lof	intron_variant	Unmet	Unmet	na
1-931022-T-C	SAMD11	ENST00000616016	not_lof	splice_polypyrimidine_tract_variant&intron_variant	Unmet	Unmet	na
1-931023-G-A	SAMD11	ENST00000616016	not_lof	splice_polypyrimidine_tract_variant&intron_variant	Unmet	Unmet	na
1-931024-C-T	SAMD11	ENST00000616016	not_lof	splice_polypyrimidine_tract_variant&intron_variant	Unmet	Unmet	na
1-931025-T-G	SAMD11	ENST00000616016	not_lof	splice_polypyrimidine_tract_variant&intron_variant	Unmet	Unmet	na
1-931029-C-T	SAMD11	ENST00000616016	not_lof	splice_polypyrimidine_tract_variant&intron_variant	Unmet	Unmet	na
1-931039-A-G	SAMD11	ENST00000616016	not_lof	splice_region_variant&synonymous_variant	Unmet	Unmet	na
1-931041-T-A	SAMD11	ENST00000616016	not_lof	missense_variant&splice_region_variant	Unmet	Unmet	na
1-931041-T-C	SAMD11	ENST00000616016	not_lof	missense_variant&splice_region_variant	Unmet	Unmet	na
1-931042-C-T	SAMD11	ENST00000616016	not_lof	synonymous_variant	Unmet	Unmet	na
1-931044-A-G	SAMD11	ENST00000616016	not_lof	missense_variant	Unmet	Unmet	na
1-931049-C-T	SAMD11	ENST00000616016	not_lof	missense_variant	Unmet	Unmet	na
1-931050-A-G	SAMD11	ENST00000616016	not_lof	missense_variant	Unmet	Unmet	na
1-931051-C-T	SAMD11	ENST00000616016	not_lof	synonymous_variant	Unmet	Unmet	na
1-931057-C-T	SAMD11	ENST00000616016	not_lof	synonymous_variant	Unmet	Unmet	na
1-931058-G-A	SAMD11	ENST00000616016	not_lof	missense_variant	Unmet	Unmet	na
1-931066-C-T	SAMD11	ENST00000616016	not_lof	synonymous_variant	Unmet	Unmet	na
1-931074-G-A	SAMD11	ENST00000616016	not_lof	missense_variant	Unmet	Unmet	na
1-931078-G-A	SAMD11	ENST00000616016	not_lof	synonymous_variant	Unmet	Unmet	na
1-931081-G-A	SAMD11	ENST00000616016	not_lof	synonymous_variant	Unmet	Unmet	na
1-931098-C-T	SAMD11	ENST00000616016	not_lof	intron_variant	Unmet	Unmet	na
1-931099-G-A	SAMD11	ENST00000616016	not_lof	intron_variant	Unmet	Unmet	na
1-931102-C-T	SAMD11	ENST00000616016	not_lof	intron_variant	Unmet	Unmet	na
1-931107-C-T	SAMD11	ENST00000616016	not_lof	intron_variant	Unmet	Unmet	na
1-931108-G-A	SAMD11	ENST00000616016	not_lof	intron_variant	Unmet	Unmet	na
1-935756-C-T	SAMD11	ENST00000616016	not_lof	splice_polypyrimidine_tract_variant&intron_variant	Unmet	Unmet	na
1-935757-G-A	SAMD11	ENST00000616016	not_lof	splice_polypyrimidine_tract_variant&intron_variant	Unmet	Unmet	na
1-935763-G-A	SAMD11	ENST00000616016	not_lof	splice_polypyrimidine_tract_variant&intron_variant	Unmet	Unmet	na
1-935763-G-T	SAMD11	ENST00000616016	not_lof	splice_polypyrimidine_tract_variant&intron_variant	Unmet	Unmet	na
1-935766-C-T	SAMD11	ENST00000616016	not_lof	splice_polypyrimidine_tract_variant&splice_region_variant&intron_variant	Unmet	Unmet	na
1-935775-G-A	SAMD11	ENST00000616016	not_lof	synonymous_variant	Unmet	Unmet	na
1-935778-C-T	SAMD11	ENST00000616016	not_lof	synonymous_variant	Unmet	Unmet	na
1-935779-G-A	SAMD11	ENST00000616016	not_lof	missense_variant	Unmet	Unmet	na
1-935788-C-T	SAMD11	ENST00000616016	not_lof	missense_variant	Unmet	Unmet	na
1-935792-C-G	SAMD11	ENST00000616016	not_lof	missense_variant	Unmet	Unmet	na
1-935793-C-T	SAMD11	ENST00000616016	not_lof	synonymous_variant	Unmet	Unmet	na
1-935796-C-T	SAMD11	ENST00000616016	not_lof	synonymous_variant	Unmet	Unmet	na
1-935803-A-G	SAMD11	ENST00000616016	not_lof	missense_variant	Unmet	Unmet	na
1-935810-A-G	SAMD11	ENST00000616016	not_lof	missense_variant	Unmet	Unmet	na
1-935811-C-T	SAMD11	ENST00000616016	not_lof	synonymous_variant	Unmet	Unmet	na
1-935812-C-T	SAMD11	ENST00000616016	not_lof	missense_variant	Unmet	Unmet	na
1-935819-G-T	SAMD11	ENST00000616016	not_lof	missense_variant	Unmet	Unmet	na
1-935823-C-T	SAMD11	ENST00000616016	not_lof	synonymous_variant	Unmet	Unmet	na
1-935826-C-T	SAMD11	ENST00000616016	not_lof	synonymous_variant	Unmet	Unmet	na
1-935832-G-T	SAMD11	ENST00000616016	not_lof	missense_variant	Unmet	Unmet	na
1-935833-C-G	SAMD11	ENST00000616016	not_lof	missense_variant	Unmet	Unmet	na
1-935835-C-G	SAMD11	ENST00000616016	not_lof	synonymous_variant	Unmet	Unmet	na
1-935835-C-T	SAMD11	ENST00000616016	not_lof	synonymous_variant	Unmet	Unmet	na
1-935836-G-A	SAMD11	ENST00000616016	not_lof	missense_variant	Unmet	Unmet	na
1-935836-G-C	SAMD11	ENST00000616016	not_lof	missense_variant	Unmet	Unmet	na
1-935839-C-T	SAMD11	ENST00000616016	not_lof	missense_variant	Unmet	Unmet	na
1-935842-C-T	SAMD11	ENST00000616016	not_canonical	nonsense	Unmet	Unmet	na
1-935845-A-AGCC	SAMD11	ENST00000616016	not_lof	inframe_insertion	Unmet	Unmet	na
1-935847-C-G	SAMD11	ENST00000616016	not_lof	missense_variant	Unmet	Unmet	na
1-935849-G-A	SAMD11	ENST00000616016	not_lof	missense_variant	Unmet	Unmet	na
1-935849-G-C	SAMD11	ENST00000616016	not_lof	missense_variant	Unmet	Unmet	na
1-935850-C-T	SAMD11	ENST00000616016	not_lof	synonymous_variant	Unmet	Unmet	na
1-935851-T-C	SAMD11	ENST00000616016	not_lof	missense_variant	Unmet	Unmet	na
1-935858-T-G	SAMD11	ENST00000616016	not_lof	missense_variant	Unmet	Unmet	na
1-935859-C-T	SAMD11	ENST00000616016	not_lof	synonymous_variant	Unmet	Unmet	na
1-935866-G-GGCAGCCTGGAGATTGGCCT	SAMD11	ENST00000616016	not_canonical	frameshift	Unmet	Unmet	na
1-935872-C-T	SAMD11	ENST00000616016	not_lof	synonymous_variant	Unmet	Unmet	na
1-935882-G-A	SAMD11	ENST00000616016	not_lof	missense_variant	Unmet	Unmet	na
1-935883-C-A	SAMD11	ENST00000616016	not_lof	synonymous_variant	Unmet	Unmet	na
1-935888-G-A	SAMD11	ENST00000616016	not_lof	missense_variant	Unmet	Unmet	na
1-935891-C-T	SAMD11	ENST00000616016	not_lof	missense_variant	Unmet	Unmet	na
1-935893-G-A	SAMD11	ENST00000616016	not_lof	missense_variant	Unmet	Unmet	na
1-935895-C-G	SAMD11	ENST00000616016	not_lof	splice_region_variant&synonymous_variant	Unmet	Unmet	na
1-935896-G-A	SAMD11	ENST00000616016	not_lof	missense_variant&splice_region_variant	Unmet	Unmet	na
1-935907-C-T	SAMD11	ENST00000616016	not_lof	intron_variant	Unmet	Unmet	na
1-935909-GGGGGCCTGAGGGCGGGGTCGGGGCTGT-G	SAMD11	ENST00000616016	not_lof	intron_variant	Unmet	Unmet	na
1-939030-C-T	SAMD11	ENST00000616016	not_lof	splice_polypyrimidine_tract_variant&intron_variant	Unmet	Unmet	na
1-939035-C-T	SAMD11	ENST00000616016	not_lof	splice_polypyrimidine_tract_variant&splice_region_variant&intron_variant	Unmet	Unmet	na
1-939036-G-A	SAMD11	ENST00000616016	not_lof	splice_polypyrimidine_tract_variant&splice_region_variant&intron_variant	Unmet	Unmet	na
1-939059-G-A	SAMD11	ENST00000616016	not_lof	synonymous_variant	Unmet	Unmet	na
1-939066-C-T	SAMD11	ENST00000616016	not_lof	missense_variant	Unmet	Unmet	na
1-939067-G-A	SAMD11	ENST00000616016	not_lof	missense_variant	Unmet	Unmet	na
1-939069-T-C	SAMD11	ENST00000616016	not_lof	missense_variant	Unmet	Unmet	na
1-939070-C-T	SAMD11	ENST00000616016	not_lof	missense_variant	Unmet	Unmet	na
1-939071-C-G	SAMD11	ENST00000616016	not_lof	synonymous_variant	Unmet	Unmet	na
1-939071-C-T	SAMD11	ENST00000616016	not_lof	synonymous_variant	Unmet	Unmet	na
1-939075-C-T	SAMD11	ENST00000616016	not_lof	missense_variant	Unmet	Unmet	na
1-939076-G-A	SAMD11	ENST00000616016	not_lof	missense_variant	Unmet	Unmet	na
1-939076-G-T	SAMD11	ENST00000616016	not_lof	missense_variant	Unmet	Unmet	na
1-939077-T-C	SAMD11	ENST00000616016	not_lof	synonymous_variant	Unmet	Unmet	na
1-939086-C-T	SAMD11	ENST00000616016	not_lof	synonymous_variant	Unmet	Unmet	na
1-939087-G-A	SAMD11	ENST00000616016	not_lof	missense_variant	Unmet	Unmet	na
1-939092-C-T	SAMD11	ENST00000616016	not_lof	synonymous_variant	Unmet	Unmet	na
1-939103-A-C	SAMD11	ENST00000616016	not_lof	missense_variant	Unmet	Unmet	na
1-939112-G-A	SAMD11	ENST00000616016	not_lof	missense_variant	Unmet	Unmet	na
1-939115-G-A	SAMD11	ENST00000616016	not_lof	missense_variant	Unmet	Unmet	na
1-939116-C-T	SAMD11	ENST00000616016	not_lof	synonymous_variant	Unmet	Unmet	na
1-939117-G-A	SAMD11	ENST00000616016	not_lof	missense_variant	Unmet	Unmet	na
1-939117-G-C	SAMD11	ENST00000616016	not_lof	missense_variant	Unmet	Unmet	na
1-939121-C-T	SAMD11	ENST00000616016	not_lof	missense_variant	Unmet	Unmet	na
1-939122-G-A	SAMD11	ENST00000616016	not_lof	synonymous_variant	Unmet	Unmet	na
1-939122-G-T	SAMD11	ENST00000616016	not_lof	synonymous_variant	Unmet	Unmet	na
1-939124-C-T	SAMD11	ENST00000616016	not_lof	missense_variant	Unmet	Unmet	na
1-939138-G-A	SAMD11	ENST00000616016	not_lof	intron_variant	Unmet	Unmet	na
1-939146-G-C	SAMD11	ENST00000616016	not_lof	intron_variant	Unmet	Unmet	na
1-939146-GA-TT	SAMD11	ENST00000616016	not_lof	intron_variant	Unmet	Unmet	na
1-939148-C-T	SAMD11	ENST00000616016	not_lof	intron_variant	Unmet	Unmet	na
1-939149-G-A	SAMD11	ENST00000616016	not_lof	intron_variant	Unmet	Unmet	na
1-939257-C-T	NOC2L	ENST00000327044	not_lof	downstream_gene_variant	Unmet	Unmet	na
1-939261-G-C	NOC2L	ENST00000327044	not_lof	downstream_gene_variant	Unmet	Unmet	na
1-939277-G-A	NOC2L	ENST00000327044	not_lof	downstream_gene_variant	Unmet	Unmet	na
1-939278-C-T	NOC2L	ENST00000327044	not_lof	downstream_gene_variant	Unmet	Unmet	na
1-939279-G-A	NOC2L	ENST00000327044	not_lof	downstream_gene_variant	Unmet	Unmet	na
1-939285-G-A	NOC2L	ENST00000327044	not_lof	downstream_gene_variant	Unmet	Unmet	na
1-939285-G-C	NOC2L	ENST00000327044	not_lof	downstream_gene_variant	Unmet	Unmet	na
1-939287-T-C	NOC2L	ENST00000327044	not_lof	downstream_gene_variant	Unmet	Unmet	na
1-939288-G-A	NOC2L	ENST00000327044	not_lof	downstream_gene_variant	Unmet	Unmet	na
1-939290-C-T	NOC2L	ENST00000327044	not_lof	downstream_gene_variant	Unmet	Unmet	na
1-939291-G-T	NOC2L	ENST00000327044	not_lof	downstream_gene_variant	Unmet	Unmet	na
1-939292-C-T	NOC2L	ENST00000327044	not_lof	downstream_gene_variant	Unmet	Unmet	na
1-939293-G-A	NOC2L	ENST00000327044	not_lof	downstream_gene_variant	Unmet	Unmet	na
1-939293-G-C	NOC2L	ENST00000327044	not_lof	downstream_gene_variant	Unmet	Unmet	na
1-939297-G-C	NOC2L	ENST00000327044	not_lof	downstream_gene_variant	Unmet	Unmet	na
1-939303-G-A	NOC2L	ENST00000327044	not_lof	downstream_gene_variant	Unmet	Unmet	na
1-939317-C-G	NOC2L	ENST00000327044	not_lof	downstream_gene_variant	Unmet	Unmet	na
1-939318-G-A	NOC2L	ENST00000327044	not_lof	downstream_gene_variant	Unmet	Unmet	na
1-939332-G-A	NOC2L	ENST00000327044	not_lof	downstream_gene_variant	Unmet	Unmet	na
1-939334-C-T	NOC2L	ENST00000327044	not_lof	downstream_gene_variant	Unmet	Unmet	na
1-939337-C-G	NOC2L	ENST00000327044	not_lof	downstream_gene_variant	Unmet	Unmet	na
1-939354-C-T	NOC2L	ENST00000327044	not_lof	downstream_gene_variant	Unmet	Unmet	na
1-939368-T-C	NOC2L	ENST00000327044	not_lof	downstream_gene_variant	Unmet	Unmet	na
1-939382-C-T	NOC2L	ENST00000327044	not_lof	downstream_gene_variant	Unmet	Unmet	na
1-939395-T-G	NOC2L	ENST00000327044	not_lof	downstream_gene_variant	Unmet	Unmet	na
1-939398-GCCTCCCCAGCCACGGTGAGGACCCACCCTGGCATGATCCCCCTCATCA-G	NOC2L	ENST00000327044	not_lof	downstream_gene_variant	Unmet	Unmet	na
1-939398-G-GCCTCCCCAGCCACGGTGAGGACCCACCCTGGCATGATCCCCCTCATCA	NOC2L	ENST00000327044	not_lof	downstream_gene_variant	Unmet	Unmet	na
1-939398-G-GCCTCCCCAGCCACGGTGAGGACCCACCCTGGCATGATCCCCCTCATCACCTCCCCAGCCACGGTGAGGACCCACCCTGGCATGATCCCCCTCATCA	NOC2L	ENST00000327044	not_lof	downstream_gene_variant	Unmet	Unmet	na
1-939398-G-GCCTCCCCAGCCACGGTGAGGACCCACCCTGGCATGATCCCCCTCATCACCTCCCCAGCCACGGTGAGGACCCACCCTGGCATGATCCCCCTCATCACCTCCCCAGCCACGGTGAGGACCCACCCTGGCATGATCCCCCTCATCA	NOC2L	ENST00000327044	not_lof	downstream_gene_variant	Unmet	Unmet	na
1-939398-G-GCCTCCCCAGCCACGGTGAGGACCCACCCTGGCATGATCCCCCTCATCACCTCCCCAGCCACGGTGAGGACCCACCCTGGCATGATCCCCCTCATCACCTCCCCAGCCACGGTGAGGACCCACCCTGGCATGATCCCCCTCATCACCTCCCCAGCCACGGTGAGGACCCACCCTGGCATGATCCCCCTCATCA	NOC2L	ENST00000327044	not_lof	downstream_gene_variant	Unmet	Unmet	na
1-939398-G-GCCTCCCCAGCCACGGTGAGGACCCACCCTGGCATGATCCCCCTCATCACCTCCCCAGCCACGGTGAGGACCCACCCTGGCATGATCTCCCCTCATCA	NOC2L	ENST00000327044	not_lof	downstream_gene_variant	Unmet	Unmet	na
1-939398-G-GCCTCCCCAGCCACGGTGAGGACCTACCCTGGCATGATCCCCCTCATCA	NOC2L	ENST00000327044	not_lof	downstream_gene_variant	Unmet	Unmet	na
1-939399-C-T	NOC2L	ENST00000327044	not_lof	downstream_gene_variant	Unmet	Unmet	na
1-939411-C-T	NOC2L	ENST00000327044	not_lof	downstream_gene_variant	Unmet	Unmet	na
1-939412-G-A	NOC2L	ENST00000327044	not_lof	downstream_gene_variant	Unmet	Unmet	na
1-939429-G-C	NOC2L	ENST00000327044	not_lof	downstream_gene_variant	Unmet	Unmet	na
1-939435-T-C	NOC2L	ENST00000327044	not_lof	downstream_gene_variant	Unmet	Unmet	na
1-939435-TC-T	NOC2L	ENST00000327044	not_lof	downstream_gene_variant	Unmet	Unmet	na
1-939436-C-CCCCCTCATCACCTCCCCAGCCACGGTGAGGACCCACCCTGGCATGATCT	NOC2L	ENST00000327044	not_lof	downstream_gene_variant	Unmet	Unmet	na
1-939436-C-CT	NOC2L	ENST00000327044	not_lof	downstream_gene_variant	Unmet	Unmet	na
1-939436-CCCCCTCATCACCTCCCCAGCCACGGTGAGGACCCACCCTGGCATGATCT-C	NOC2L	ENST00000327044	not_lof	downstream_gene_variant	Unmet	Unmet	na
1-939436-C-CCCCCTCATCACCTCCCCAGCCACGGTGAGGACCCACCCTGGCATGATCTCCCCTCATCACCTCCCCAGCCACGGTGAGGACCCACCCTGGCATGATCT	NOC2L	ENST00000327044	not_lof	downstream_gene_variant	Unmet	Unmet	na
1-939437-C-T	NOC2L	ENST00000327044	not_lof	downstream_gene_variant	Unmet	Unmet	na
1-939447-C-T	NOC2L	ENST00000327044	not_lof	downstream_gene_variant	Unmet	Unmet	na
1-939458-A-T	NOC2L	ENST00000327044	not_lof	downstream_gene_variant	Unmet	Unmet	na
1-939459-C-T	NOC2L	ENST00000327044	not_lof	downstream_gene_variant	Unmet	Unmet	na
1-939464-A-G	NOC2L	ENST00000327044	not_lof	downstream_gene_variant	Unmet	Unmet	na
1-939467-A-G	NOC2L	ENST00000327044	not_lof	downstream_gene_variant	Unmet	Unmet	na
1-939468-C-T	NOC2L	ENST00000327044	not_lof	downstream_gene_variant	Unmet	Unmet	na
1-940501-GGAGCCTGCATAGTGGGGGCTGCGGGGACTCGGGAGGCCCGGGCGGGAGGGAGAGGCCGAGAGACCTGGGACGCGGCGCCTTAGACGCGGGCGCTGCGTGCGCATTGGGGCGAGTGTGGCCACGCGGGACAGTGACCCTGCGCAGCCGGGACTGGGCGACCCCTGTGCTAGTGTGGCGTGCGTGCGCGGGCGCTGCCTTGCCTTTGTGACAAGCTTTGGCCAGCCGCGTCTACTATGGGGACCTCAGATTTTCTTGCCTCCCACCGAAGAGGGGGTCCCCTGGGCGGTCAGCCCCTGGCTGGCACTTCTGGACTCTCTCGCTGCCCCGCAGGCTCTGTGGCCTCGGGACGTCTGCACAGCCCCCTCCCCGCAAGGCTCAGCCGCCTCTCAGGCCGGAAGCCTCCAGGCACCCGGCTCCCCTTCGGGGAAGAGCTTTTCCCGACACTTCCTCGCCCAGCATCTTGTCTGCCGTCTCGGCCCTGTGGCCGCCCATCCTCCTGCCCCGTGCCCGAGACCAGCCCAGGGGCCGAGCACGGCCGAGTGGTGTGGTCAGTTCCCCACCTCAGTGTTCTACGCCAGGACGCGGGCTGGGGAGGATGAGGGCGCATAGCCGGGGGGATCACTGCTGTTGTCCCCCACCCAGATCTCCT-G	NOC2L	ENST00000327044	not_lof	downstream_gene_variant	Unmet	Unmet	na
1-941129-T-C	NOC2L	ENST00000327044	not_lof	downstream_gene_variant	Unmet	Unmet	na
1-941148-C-T	NOC2L	ENST00000327044	not_lof	downstream_gene_variant	Unmet	Unmet	na
1-941159-G-A	NOC2L	ENST00000327044	not_lof	downstream_gene_variant	Unmet	Unmet	na
1-941163-G-A	NOC2L	ENST00000327044	not_lof	downstream_gene_variant	Unmet	Unmet	na
1-941167-G-A	NOC2L	ENST00000327044	not_lof	downstream_gene_variant	Unmet	Unmet	na
1-941169-G-A	NOC2L	ENST00000327044	not_lof	downstream_gene_variant	Unmet	Unmet	na
1-941200-C-G	NOC2L	ENST00000327044	not_lof	downstream_gene_variant	Unmet	Unmet	na
1-941211-C-G	NOC2L	ENST00000327044	not_lof	downstream_gene_variant	Unmet	Unmet	na
1-941212-C-T	NOC2L	ENST00000327044	not_lof	downstream_gene_variant	Unmet	Unmet	na
1-941216-C-T	NOC2L	ENST00000327044	not_lof	downstream_gene_variant	Unmet	Unmet	na
1-941219-C-T	NOC2L	ENST00000327044	not_lof	downstream_gene_variant	Unmet	Unmet	na
1-941226-G-C	NOC2L	ENST00000327044	not_lof	downstream_gene_variant	Unmet	Unmet	na
1-941236-C-T	NOC2L	ENST00000327044	not_lof	downstream_gene_variant	Unmet	Unmet	na
1-941239-C-G	NOC2L	ENST00000327044	not_lof	downstream_gene_variant	Unmet	Unmet	na
1-941239-C-T	NOC2L	ENST00000327044	not_lof	downstream_gene_variant	Unmet	Unmet	na
1-941260-C-T	NOC2L	ENST00000327044	not_lof	downstream_gene_variant	Unmet	Unmet	na
1-941262-C-T	NOC2L	ENST00000327044	not_lof	downstream_gene_variant	Unmet	Unmet	na
1-941270-G-T	NOC2L	ENST00000327044	not_lof	downstream_gene_variant	Unmet	Unmet	na
1-941271-C-CGCCGCCCCAGCT	NOC2L	ENST00000327044	not_lof	downstream_gene_variant	Unmet	Unmet	na
1-941282-C-T	NOC2L	ENST00000327044	not_lof	downstream_gene_variant	Unmet	Unmet	na
1-941284-G-A	NOC2L	ENST00000327044	not_lof	downstream_gene_variant	Unmet	Unmet	na
1-941291-C-T	NOC2L	ENST00000327044	not_lof	downstream_gene_variant	Unmet	Unmet	na
1-941295-C-T	NOC2L	ENST00000327044	not_lof	downstream_gene_variant	Unmet	Unmet	na
1-941298-C-G	NOC2L	ENST00000327044	not_lof	downstream_gene_variant	Unmet	Unmet	na
1-941298-C-T	NOC2L	ENST00000327044	not_lof	downstream_gene_variant	Unmet	Unmet	na
1-941300-C-T	NOC2L	ENST00000327044	not_lof	downstream_gene_variant	Unmet	Unmet	na
1-941307-G-A	NOC2L	ENST00000327044	not_lof	downstream_gene_variant	Unmet	Unmet	na
1-941313-G-A	NOC2L	ENST00000327044	not_lof	downstream_gene_variant	Unmet	Unmet	na
1-941315-G-C	NOC2L	ENST00000327044	not_lof	downstream_gene_variant	Unmet	Unmet	na
1-941323-C-T	NOC2L	ENST00000327044	not_lof	downstream_gene_variant	Unmet	Unmet	na
1-941324-G-A	NOC2L	ENST00000327044	not_lof	downstream_gene_variant	Unmet	Unmet	na
1-941325-TTC-T	NOC2L	ENST00000327044	not_lof	downstream_gene_variant	Unmet	Unmet	na
1-942116-C-T	NOC2L	ENST00000327044	not_lof	downstream_gene_variant	Unmet	Unmet	na
1-942121-C-T	NOC2L	ENST00000327044	not_lof	downstream_gene_variant	Unmet	Unmet	na
1-942127-C-A	NOC2L	ENST00000327044	not_lof	downstream_gene_variant	Unmet	Unmet	na
1-942127-C-T	NOC2L	ENST00000327044	not_lof	downstream_gene_variant	Unmet	Unmet	na
1-942131-C-T	NOC2L	ENST00000327044	not_lof	downstream_gene_variant	Unmet	Unmet	na
1-942142-G-A	NOC2L	ENST00000327044	not_lof	downstream_gene_variant	Unmet	Unmet	na
1-942143-C-G	NOC2L	ENST00000327044	not_lof	downstream_gene_variant	Unmet	Unmet	na
1-942143-C-T	NOC2L	ENST00000327044	not_lof	downstream_gene_variant	Unmet	Unmet	na
1-942144-C-T	NOC2L	ENST00000327044	not_lof	downstream_gene_variant	Unmet	Unmet	na
1-942146-C-G	NOC2L	ENST00000327044	not_lof	downstream_gene_variant	Unmet	Unmet	na
1-942148-G-A	NOC2L	ENST00000327044	not_lof	downstream_gene_variant	Unmet	Unmet	na
1-942149-C-T	NOC2L	ENST00000327044	not_lof	downstream_gene_variant	Unmet	Unmet	na
1-942154-C-T	NOC2L	ENST00000327044	not_lof	downstream_gene_variant	Unmet	Unmet	na
1-942155-C-T	NOC2L	ENST00000327044	not_lof	downstream_gene_variant	Unmet	Unmet	na
1-942155-C-G	NOC2L	ENST00000327044	not_lof	downstream_gene_variant	Unmet	Unmet	na
1-942157-C-T	NOC2L	ENST00000327044	not_lof	downstream_gene_variant	Unmet	Unmet	na
1-942169-G-A	NOC2L	ENST00000327044	not_lof	downstream_gene_variant	Unmet	Unmet	na
1-942170-C-G	NOC2L	ENST00000327044	not_lof	downstream_gene_variant	Unmet	Unmet	na
1-942178-C-T	NOC2L	ENST00000327044	not_lof	downstream_gene_variant	Unmet	Unmet	na
1-942185-G-C	NOC2L	ENST00000327044	not_lof	downstream_gene_variant	Unmet	Unmet	na
1-942187-C-G	NOC2L	ENST00000327044	not_lof	downstream_gene_variant	Unmet	Unmet	na
1-942187-C-T	NOC2L	ENST00000327044	not_lof	downstream_gene_variant	Unmet	Unmet	na
1-942190-C-T	NOC2L	ENST00000327044	not_lof	downstream_gene_variant	Unmet	Unmet	na
1-942190-C-G	NOC2L	ENST00000327044	not_lof	downstream_gene_variant	Unmet	Unmet	na
1-942191-C-T	NOC2L	ENST00000327044	not_lof	downstream_gene_variant	Unmet	Unmet	na
1-942195-G-A	NOC2L	ENST00000327044	not_lof	downstream_gene_variant	Unmet	Unmet	na
1-942195-GCCC-G	NOC2L	ENST00000327044	not_lof	downstream_gene_variant	Unmet	Unmet	na
1-942196-C-T	NOC2L	ENST00000327044	not_lof	downstream_gene_variant	Unmet	Unmet	na
1-942197-C-G	NOC2L	ENST00000327044	not_lof	downstream_gene_variant	Unmet	Unmet	na
1-942197-C-T	NOC2L	ENST00000327044	not_lof	downstream_gene_variant	Unmet	Unmet	na
1-942203-C-T	NOC2L	ENST00000327044	not_lof	downstream_gene_variant	Unmet	Unmet	na
1-942207-G-T	NOC2L	ENST00000327044	not_lof	downstream_gene_variant	Unmet	Unmet	na
1-942209-C-T	NOC2L	ENST00000327044	not_lof	downstream_gene_variant	Unmet	Unmet	na
1-942216-T-G	NOC2L	ENST00000327044	not_lof	downstream_gene_variant	Unmet	Unmet	na
1-942217-C-T	NOC2L	ENST00000327044	not_lof	downstream_gene_variant	Unmet	Unmet	na
1-942218-C-G	NOC2L	ENST00000327044	not_lof	downstream_gene_variant	Unmet	Unmet	na
1-942219-T-A	NOC2L	ENST00000327044	not_lof	downstream_gene_variant	Unmet	Unmet	na
1-942228-C-G	NOC2L	ENST00000327044	not_lof	downstream_gene_variant	Unmet	Unmet	na
1-942228-C-T	NOC2L	ENST00000327044	not_lof	downstream_gene_variant	Unmet	Unmet	na
1-942229-C-T	NOC2L	ENST00000327044	not_lof	downstream_gene_variant	Unmet	Unmet	na
1-942231-C-T	NOC2L	ENST00000327044	not_lof	downstream_gene_variant	Unmet	Unmet	na
1-942234-C-T	NOC2L	ENST00000327044	not_lof	downstream_gene_variant	Unmet	Unmet	na
1-942240-G-A	NOC2L	ENST00000327044	not_lof	downstream_gene_variant	Unmet	Unmet	na
1-942246-C-T	NOC2L	ENST00000327044	not_lof	downstream_gene_variant	Unmet	Unmet	na
1-942247-C-T	NOC2L	ENST00000327044	not_lof	downstream_gene_variant	Unmet	Unmet	na
1-942265-T-C	NOC2L	ENST00000327044	not_lof	downstream_gene_variant	Unmet	Unmet	na
1-942265-T-G	NOC2L	ENST00000327044	not_lof	downstream_gene_variant	Unmet	Unmet	na
1-942395-C-T	NOC2L	ENST00000327044	not_lof	downstream_gene_variant	Unmet	Unmet	na
1-942402-C-A	NOC2L	ENST00000327044	not_lof	downstream_gene_variant	Unmet	Unmet	na
1-942402-C-G	NOC2L	ENST00000327044	not_lof	downstream_gene_variant	Unmet	Unmet	na
1-942404-C-T	NOC2L	ENST00000327044	not_lof	downstream_gene_variant	Unmet	Unmet	na
1-942414-C-T	NOC2L	ENST00000327044	not_lof	downstream_gene_variant	Unmet	Unmet	na
1-942417-C-T	NOC2L	ENST00000327044	not_lof	downstream_gene_variant	Unmet	Unmet	na
1-942422-T-C	NOC2L	ENST00000327044	not_lof	downstream_gene_variant	Unmet	Unmet	na
1-942423-G-GC	NOC2L	ENST00000327044	not_lof	downstream_gene_variant	Unmet	Unmet	na
1-942424-C-T	NOC2L	ENST00000327044	not_lof	downstream_gene_variant	Unmet	Unmet	na
1-942425-C-T	NOC2L	ENST00000327044	not_lof	downstream_gene_variant	Unmet	Unmet	na
1-942426-C-T	NOC2L	ENST00000327044	not_lof	downstream_gene_variant	Unmet	Unmet	na
1-942435-G-A	NOC2L	ENST00000327044	not_lof	downstream_gene_variant	Unmet	Unmet	na
1-942447-C-T	NOC2L	ENST00000327044	not_lof	downstream_gene_variant	Unmet	Unmet	na
1-942449-C-G	NOC2L	ENST00000327044	not_lof	downstream_gene_variant	Unmet	Unmet	na
1-942450-CT-TC	NOC2L	ENST00000327044	not_lof	downstream_gene_variant	Unmet	Unmet	na
1-942451-T-C	NOC2L	ENST00000327044	not_lof	downstream_gene_variant	Unmet	Unmet	SS1
1-942453-G-C	NOC2L	ENST00000327044	not_lof	downstream_gene_variant	Unmet	Unmet	na
1-942459-G-A	NOC2L	ENST00000327044	not_lof	downstream_gene_variant	Unmet	Unmet	na
1-942460-G-A	NOC2L	ENST00000327044	not_lof	downstream_gene_variant	Unmet	Unmet	na
1-942463-C-T	NOC2L	ENST00000327044	not_lof	downstream_gene_variant	Unmet	Unmet	na
1-942467-T-TGCG	NOC2L	ENST00000327044	not_lof	downstream_gene_variant	Unmet	Unmet	na
1-942469-C-T	NOC2L	ENST00000327044	not_lof	downstream_gene_variant	Unmet	Unmet	na
1-942474-G-A	NOC2L	ENST00000327044	not_lof	downstream_gene_variant	Unmet	Unmet	na
1-942475-C-A	NOC2L	ENST00000327044	not_lof	downstream_gene_variant	Unmet	Unmet	na
1-942480-C-T	NOC2L	ENST00000327044	not_lof	downstream_gene_variant	Unmet	Unmet	na
1-942481-C-T	NOC2L	ENST00000327044	not_lof	downstream_gene_variant	Unmet	Unmet	na
1-942485-C-T	NOC2L	ENST00000327044	not_lof	downstream_gene_variant	Unmet	Unmet	na
1-942487-C-T	NOC2L	ENST00000327044	not_lof	downstream_gene_variant	Unmet	Unmet	na
1-942492-G-C	NOC2L	ENST00000327044	not_lof	downstream_gene_variant	Unmet	Unmet	na
1-942499-G-T	NOC2L	ENST00000327044	not_lof	downstream_gene_variant	Unmet	Unmet	na
1-942500-G-A	NOC2L	ENST00000327044	not_lof	downstream_gene_variant	Unmet	Unmet	na
1-942502-G-T	NOC2L	ENST00000327044	not_lof	downstream_gene_variant	Unmet	Unmet	na
1-942504-CG-C	NOC2L	ENST00000327044	not_lof	downstream_gene_variant	Unmet	Unmet	na
1-942508-C-T	NOC2L	ENST00000327044	not_lof	downstream_gene_variant	Unmet	Unmet	na
1-942508-C-A	NOC2L	ENST00000327044	not_lof	downstream_gene_variant	Unmet	Unmet	na
1-942540-G-A	NOC2L	ENST00000327044	not_lof	downstream_gene_variant	Unmet	Unmet	na
1-942541-C-T	NOC2L	ENST00000327044	not_lof	downstream_gene_variant	Unmet	Unmet	na
1-942542-G-A	NOC2L	ENST00000327044	not_lof	downstream_gene_variant	Unmet	Unmet	na
1-942542-G-C	NOC2L	ENST00000327044	not_lof	downstream_gene_variant	Unmet	Unmet	na
1-942549-C-T	NOC2L	ENST00000327044	not_lof	downstream_gene_variant	Unmet	Unmet	na
1-942556-C-T	NOC2L	ENST00000327044	not_lof	downstream_gene_variant	Unmet	Unmet	na
1-942560-C-T	NOC2L	ENST00000327044	not_lof	downstream_gene_variant	Unmet	Unmet	na
1-942566-C-T	NOC2L	ENST00000327044	not_lof	downstream_gene_variant	Unmet	Unmet	na
1-942571-C-T	NOC2L	ENST00000327044	not_lof	downstream_gene_variant	Unmet	Unmet	na
1-942577-C-T	NOC2L	ENST00000327044	not_lof	downstream_gene_variant	Unmet	Unmet	na
1-942578-C-T	NOC2L	ENST00000327044	not_lof	downstream_gene_variant	Unmet	Unmet	na
1-942580-C-T	NOC2L	ENST00000327044	not_lof	downstream_gene_variant	Unmet	Unmet	na
1-942581-C-T	NOC2L	ENST00000327044	not_lof	downstream_gene_variant	Unmet	Unmet	na
1-942585-G-A	NOC2L	ENST00000327044	not_lof	downstream_gene_variant	Unmet	Unmet	na
1-942587-CAGA-C	NOC2L	ENST00000327044	not_lof	downstream_gene_variant	Unmet	Unmet	na
1-942590-A-G	NOC2L	ENST00000327044	not_lof	downstream_gene_variant	Unmet	Unmet	na
1-942596-C-T	NOC2L	ENST00000327044	not_lof	downstream_gene_variant	Unmet	Unmet	na
1-942598-G-A	NOC2L	ENST00000327044	not_lof	downstream_gene_variant	Unmet	Unmet	na
1-942601-G-C	NOC2L	ENST00000327044	not_lof	downstream_gene_variant	Unmet	Unmet	na
1-942603-G-A	NOC2L	ENST00000327044	not_lof	downstream_gene_variant	Unmet	Unmet	na
1-942610-C-G	NOC2L	ENST00000327044	not_lof	downstream_gene_variant	Unmet	Unmet	na
1-942614-C-A	NOC2L	ENST00000327044	not_lof	downstream_gene_variant	Unmet	Unmet	na
1-942617-C-T	NOC2L	ENST00000327044	not_lof	downstream_gene_variant	Unmet	Unmet	na
1-942619-G-C	NOC2L	ENST00000327044	not_lof	downstream_gene_variant	Unmet	Unmet	na
1-942620-C-A	NOC2L	ENST00000327044	not_lof	downstream_gene_variant	Unmet	Unmet	na
1-942620-C-T	NOC2L	ENST00000327044	not_lof	downstream_gene_variant	Unmet	Unmet	na
1-942624-C-A	NOC2L	ENST00000327044	not_lof	downstream_gene_variant	Unmet	Unmet	na
1-942628-C-T	NOC2L	ENST00000327044	not_lof	downstream_gene_variant	Unmet	Unmet	na
1-942633-C-G	NOC2L	ENST00000327044	not_lof	downstream_gene_variant	Unmet	Unmet	na
1-942638-C-T	NOC2L	ENST00000327044	not_lof	downstream_gene_variant	Unmet	Unmet	na
1-942642-G-A	NOC2L	ENST00000327044	not_lof	downstream_gene_variant	Unmet	Unmet	na
1-942648-A-G	NOC2L	ENST00000327044	not_lof	downstream_gene_variant	Unmet	Unmet	na
1-942649-C-T	NOC2L	ENST00000327044	not_lof	downstream_gene_variant	Unmet	Unmet	na
1-942649-C-G	NOC2L	ENST00000327044	not_lof	downstream_gene_variant	Unmet	Unmet	na
1-942653-G-C	NOC2L	ENST00000327044	not_lof	downstream_gene_variant	Unmet	Unmet	na
1-942661-G-A	NOC2L	ENST00000327044	not_lof	downstream_gene_variant	Unmet	Unmet	na
1-942662-G-A	NOC2L	ENST00000327044	not_lof	downstream_gene_variant	Unmet	Unmet	na
1-942673-G-C	NOC2L	ENST00000327044	not_lof	downstream_gene_variant	Unmet	Unmet	na
1-942677-G-T	NOC2L	ENST00000327044	not_lof	downstream_gene_variant	Unmet	Unmet	na
1-942685-G-A	NOC2L	ENST00000327044	not_lof	downstream_gene_variant	Unmet	Unmet	na
1-942692-C-G	NOC2L	ENST00000327044	not_lof	downstream_gene_variant	Unmet	Unmet	na
1-942694-G-A	NOC2L	ENST00000327044	not_lof	downstream_gene_variant	Unmet	Unmet	na
1-942697-C-CCACGG	NOC2L	ENST00000327044	not_lof	downstream_gene_variant	Unmet	Unmet	na
1-942701-G-C	NOC2L	ENST00000327044	not_lof	downstream_gene_variant	Unmet	Unmet	na
1-942708-C-T	NOC2L	ENST00000327044	not_lof	downstream_gene_variant	Unmet	Unmet	na
1-942709-G-A	NOC2L	ENST00000327044	not_lof	downstream_gene_variant	Unmet	Unmet	na
1-942710-C-T	NOC2L	ENST00000327044	not_lof	downstream_gene_variant	Unmet	Unmet	na
1-942712-A-G	NOC2L	ENST00000327044	not_lof	downstream_gene_variant	Unmet	Unmet	na
1-942713-C-G	NOC2L	ENST00000327044	not_lof	downstream_gene_variant	Unmet	Unmet	na
1-942719-G-GC	NOC2L	ENST00000327044	not_lof	downstream_gene_variant	Unmet	Unmet	na
1-942724-G-GC	NOC2L	ENST00000327044	not_lof	downstream_gene_variant	Unmet	Unmet	na
1-942725-C-T	NOC2L	ENST00000327044	not_lof	downstream_gene_variant	Unmet	Unmet	na
1-942729-C-A	NOC2L	ENST00000327044	not_lof	downstream_gene_variant	Unmet	Unmet	na
1-942730-C-G	NOC2L	ENST00000327044	not_lof	downstream_gene_variant	Unmet	Unmet	na
1-942731-CAGGGGCCCCCGGGCTCCGGACCCCCCACCCCGTCCCGGGACTCTGCCCGGCGAGCCCCCCGGAA-C	NOC2L	ENST00000327044	not_lof	downstream_gene_variant	Unmet	Unmet	na
1-942740-C-T	NOC2L	ENST00000327044	not_lof	downstream_gene_variant	Unmet	Unmet	na
1-942745-C-T	NOC2L	ENST00000327044	not_lof	downstream_gene_variant	Unmet	Unmet	na
1-942748-C-T	NOC2L	ENST00000327044	not_lof	downstream_gene_variant	Unmet	Unmet	na
1-942750-G-A	NOC2L	ENST00000327044	not_lof	downstream_gene_variant	Unmet	Unmet	na
1-942752-C-A	NOC2L	ENST00000327044	not_lof	downstream_gene_variant	Unmet	Unmet	na
1-942754-C-T	NOC2L	ENST00000327044	not_lof	downstream_gene_variant	Unmet	Unmet	na
1-942757-C-A	NOC2L	ENST00000327044	not_lof	downstream_gene_variant	Unmet	Unmet	na
1-942757-C-G	NOC2L	ENST00000327044	not_lof	downstream_gene_variant	Unmet	Unmet	na
1-942759-C-A	NOC2L	ENST00000327044	not_lof	downstream_gene_variant	Unmet	Unmet	na
1-942762-C-T	NOC2L	ENST00000327044	not_lof	downstream_gene_variant	Unmet	Unmet	na
1-942765-C-G	NOC2L	ENST00000327044	not_lof	downstream_gene_variant	Unmet	Unmet	na
1-942765-C-T	NOC2L	ENST00000327044	not_lof	downstream_gene_variant	Unmet	Unmet	na
1-942768-G-C	NOC2L	ENST00000327044	not_lof	downstream_gene_variant	Unmet	Unmet	na
1-942773-T-A	NOC2L	ENST00000327044	not_lof	downstream_gene_variant	Unmet	Unmet	na
1-942776-G-A	NOC2L	ENST00000327044	not_lof	downstream_gene_variant	Unmet	Unmet	na
1-942779-C-T	NOC2L	ENST00000327044	not_lof	downstream_gene_variant	Unmet	Unmet	na
1-942790-C-A	NOC2L	ENST00000327044	not_lof	downstream_gene_variant	Unmet	Unmet	na
1-942791-C-T	NOC2L	ENST00000327044	not_lof	downstream_gene_variant	Unmet	Unmet	na
1-942795-AG-A	NOC2L	ENST00000327044	not_lof	downstream_gene_variant	Unmet	Unmet	na
1-942799-G-A	NOC2L	ENST00000327044	not_lof	downstream_gene_variant	Unmet	Unmet	na
1-942800-G-A	NOC2L	ENST00000327044	not_lof	downstream_gene_variant	Unmet	Unmet	na
1-942818-G-T	NOC2L	ENST00000327044	not_lof	downstream_gene_variant	Unmet	Unmet	na
1-942819-C-T	NOC2L	ENST00000327044	not_lof	downstream_gene_variant	Unmet	Unmet	na
1-942825-C-G	NOC2L	ENST00000327044	not_lof	downstream_gene_variant	Unmet	Unmet	na
1-942834-C-T	NOC2L	ENST00000327044	not_lof	downstream_gene_variant	Unmet	Unmet	na
1-942846-C-T	NOC2L	ENST00000327044	not_lof	downstream_gene_variant	Unmet	Unmet	na
1-942851-G-A	NOC2L	ENST00000327044	not_lof	downstream_gene_variant	Unmet	Unmet	na
1-942857-C-T	NOC2L	ENST00000327044	not_lof	downstream_gene_variant	Unmet	Unmet	na
1-942858-T-G	NOC2L	ENST00000327044	not_lof	downstream_gene_variant	Unmet	Unmet	na
1-942860-T-C	NOC2L	ENST00000327044	not_lof	downstream_gene_variant	Unmet	Unmet	na
1-942864-C-T	NOC2L	ENST00000327044	not_lof	downstream_gene_variant	Unmet	Unmet	na
1-942870-A-G	NOC2L	ENST00000327044	not_lof	downstream_gene_variant	Unmet	Unmet	na
1-942872-G-A	NOC2L	ENST00000327044	not_lof	downstream_gene_variant	Unmet	Unmet	na
1-942874-C-T	NOC2L	ENST00000327044	not_lof	downstream_gene_variant	Unmet	Unmet	na
1-942877-G-A	NOC2L	ENST00000327044	not_lof	downstream_gene_variant	Unmet	Unmet	na
1-942884-G-A	NOC2L	ENST00000327044	not_lof	downstream_gene_variant	Unmet	Unmet	na
1-942887-C-T	NOC2L	ENST00000327044	not_lof	downstream_gene_variant	Unmet	Unmet	na
1-942889-C-T	NOC2L	ENST00000327044	not_lof	downstream_gene_variant	Unmet	Unmet	na
1-942891-C-G	NOC2L	ENST00000327044	not_lof	downstream_gene_variant	Unmet	Unmet	na
1-942898-C-T	NOC2L	ENST00000327044	not_lof	downstream_gene_variant	Unmet	Unmet	na
1-942899-TCGGA-T	NOC2L	ENST00000327044	not_lof	downstream_gene_variant	Unmet	Unmet	na
1-942900-C-T	NOC2L	ENST00000327044	not_lof	downstream_gene_variant	Unmet	Unmet	na
1-942901-G-T	NOC2L	ENST00000327044	not_lof	downstream_gene_variant	Unmet	Unmet	na
1-942914-C-T	NOC2L	ENST00000327044	not_lof	downstream_gene_variant	Unmet	Unmet	na
1-942916-C-G	NOC2L	ENST00000327044	not_lof	downstream_gene_variant	Unmet	Unmet	na
1-942916-C-T	NOC2L	ENST00000327044	not_lof	downstream_gene_variant	Unmet	Unmet	na
1-942924-C-T	NOC2L	ENST00000327044	not_lof	downstream_gene_variant	Unmet	Unmet	na
1-942927-C-T	NOC2L	ENST00000327044	not_lof	downstream_gene_variant	Unmet	Unmet	na
1-942929-G-A	NOC2L	ENST00000327044	not_lof	downstream_gene_variant	Unmet	Unmet	na
1-942930-T-C	NOC2L	ENST00000327044	not_lof	downstream_gene_variant	Unmet	Unmet	na
1-942934-G-A	NOC2L	ENST00000327044	not_lof	downstream_gene_variant	Unmet	Unmet	na
1-942934-G-C	NOC2L	ENST00000327044	not_lof	downstream_gene_variant	Unmet	Unmet	na
1-942934-G-T	NOC2L	ENST00000327044	not_lof	downstream_gene_variant	Unmet	Unmet	na
1-942938-AG-A	NOC2L	ENST00000327044	not_lof	downstream_gene_variant	Unmet	Unmet	na
1-942938-A-G	NOC2L	ENST00000327044	not_lof	downstream_gene_variant	Unmet	Unmet	na
1-942940-G-A	NOC2L	ENST00000327044	not_lof	downstream_gene_variant	Unmet	Unmet	na
1-942942-G-A	NOC2L	ENST00000327044	not_lof	downstream_gene_variant	Unmet	Unmet	na
1-942945-C-T	NOC2L	ENST00000327044	not_lof	downstream_gene_variant	Unmet	Unmet	na
1-942948-C-T	NOC2L	ENST00000327044	not_lof	downstream_gene_variant	Unmet	Unmet	na
1-942951-C-T	NOC2L	ENST00000327044	not_lof	downstream_gene_variant	Unmet	Unmet	na
1-942953-G-A	NOC2L	ENST00000327044	not_lof	downstream_gene_variant	Unmet	Unmet	na
1-942960-C-T	NOC2L	ENST00000327044	not_lof	downstream_gene_variant	Unmet	Unmet	na
1-942965-G-C	NOC2L	ENST00000327044	not_lof	downstream_gene_variant	Unmet	Unmet	na
1-942970-A-C	NOC2L	ENST00000327044	not_lof	downstream_gene_variant	Unmet	Unmet	na
1-942976-C-T	NOC2L	ENST00000327044	not_lof	downstream_gene_variant	Unmet	Unmet	na
1-942981-C-T	NOC2L	ENST00000327044	not_lof	downstream_gene_variant	Unmet	Unmet	na
1-942983-G-A	NOC2L	ENST00000327044	not_lof	downstream_gene_variant	Unmet	Unmet	na
1-942987-G-A	NOC2L	ENST00000327044	not_lof	downstream_gene_variant	Unmet	Unmet	na
1-943006-G-A	NOC2L	ENST00000327044	not_lof	downstream_gene_variant	Unmet	Unmet	na
1-943017-C-T	NOC2L	ENST00000327044	not_lof	downstream_gene_variant	Unmet	Unmet	na
1-943019-C-T	NOC2L	ENST00000327044	not_lof	downstream_gene_variant	Unmet	Unmet	na
1-943029-C-T	NOC2L	ENST00000327044	not_lof	downstream_gene_variant	Unmet	Unmet	na
1-943031-T-C	NOC2L	ENST00000327044	not_lof	downstream_gene_variant	Unmet	Unmet	na
1-943033-T-C	NOC2L	ENST00000327044	not_lof	downstream_gene_variant	Unmet	Unmet	na
1-943035-C-T	NOC2L	ENST00000327044	not_lof	downstream_gene_variant	Unmet	Unmet	na
1-943036-C-T	NOC2L	ENST00000327044	not_lof	downstream_gene_variant	Unmet	Unmet	na
1-943043-C-T	NOC2L	ENST00000327044	not_lof	downstream_gene_variant	Unmet	Unmet	na
1-943045-C-T	NOC2L	ENST00000327044	not_lof	downstream_gene_variant	Unmet	Unmet	na
1-943052-C-G	NOC2L	ENST00000327044	not_lof	downstream_gene_variant	Unmet	Unmet	na
1-943054-C-T	NOC2L	ENST00000327044	not_lof	downstream_gene_variant	Unmet	Unmet	na
1-943057-AGGTGG-A	NOC2L	ENST00000327044	not_lof	downstream_gene_variant	Unmet	Unmet	na
1-943066-C-A	NOC2L	ENST00000327044	not_lof	downstream_gene_variant	Unmet	Unmet	na
1-943067-C-T	NOC2L	ENST00000327044	not_lof	downstream_gene_variant	Unmet	Unmet	na
1-943073-A-G	NOC2L	ENST00000327044	not_lof	downstream_gene_variant	Unmet	Unmet	na
1-943074-C-T	NOC2L	ENST00000327044	not_lof	downstream_gene_variant	Unmet	Unmet	na
1-943076-CTA-C	NOC2L	ENST00000327044	not_lof	downstream_gene_variant	Unmet	Unmet	na
1-943234-A-G	NOC2L	ENST00000327044	not_lof	downstream_gene_variant	Unmet	Unmet	na
1-943242-C-T	NOC2L	ENST00000327044	not_lof	downstream_gene_variant	Unmet	Unmet	na
1-943242-C-G	NOC2L	ENST00000327044	not_lof	downstream_gene_variant	Unmet	Unmet	na
1-943250-C-T	NOC2L	ENST00000327044	not_lof	downstream_gene_variant	Unmet	Unmet	na
1-943252-G-T	NOC2L	ENST00000327044	not_lof	downstream_gene_variant	Unmet	Unmet	na
1-943258-G-A	NOC2L	ENST00000327044	not_lof	downstream_gene_variant	Unmet	Unmet	na
1-943263-G-C	NOC2L	ENST00000327044	not_lof	downstream_gene_variant	Unmet	Unmet	na
1-943264-G-A	NOC2L	ENST00000327044	not_lof	downstream_gene_variant	Unmet	Unmet	na
1-943269-C-A	NOC2L	ENST00000327044	not_lof	downstream_gene_variant	Unmet	Unmet	na
1-943271-C-T	NOC2L	ENST00000327044	not_lof	downstream_gene_variant	Unmet	Unmet	na
1-943273-A-G	NOC2L	ENST00000327044	not_lof	downstream_gene_variant	Unmet	Unmet	na
1-943274-T-G	NOC2L	ENST00000327044	not_lof	downstream_gene_variant	Unmet	Unmet	na
1-943277-A-T	NOC2L	ENST00000327044	not_lof	downstream_gene_variant	Unmet	Unmet	na
1-943278-T-G	NOC2L	ENST00000327044	not_lof	downstream_gene_variant	Unmet	Unmet	na
1-943279-G-A	NOC2L	ENST00000327044	not_lof	downstream_gene_variant	Unmet	Unmet	na
1-943280-G-A	NOC2L	ENST00000327044	not_lof	downstream_gene_variant	Unmet	Unmet	na
1-943280-GGGA-G	NOC2L	ENST00000327044	not_lof	downstream_gene_variant	Unmet	Unmet	na
1-943284-G-A	NOC2L	ENST00000327044	not_lof	downstream_gene_variant	Unmet	Unmet	na
1-943287-G-T	NOC2L	ENST00000327044	not_lof	downstream_gene_variant	Unmet	Unmet	na
1-943290-C-T	NOC2L	ENST00000327044	not_lof	downstream_gene_variant	Unmet	Unmet	na
1-943291-C-T	NOC2L	ENST00000327044	not_lof	downstream_gene_variant	Unmet	Unmet	na
1-943296-C-T	NOC2L	ENST00000327044	not_lof	downstream_gene_variant	Unmet	Unmet	na
1-943299-T-G	NOC2L	ENST00000327044	not_lof	downstream_gene_variant	Unmet	Unmet	na
1-943311-C-T	NOC2L	ENST00000327044	not_lof	downstream_gene_variant	Unmet	Unmet	na
1-943312-A-G	NOC2L	ENST00000327044	not_lof	downstream_gene_variant	Unmet	Unmet	na
1-943313-A-C	NOC2L	ENST00000327044	not_lof	downstream_gene_variant	Unmet	Unmet	na
1-943325-A-G	NOC2L	ENST00000327044	not_lof	downstream_gene_variant	Unmet	Unmet	na
1-943329-C-T	NOC2L	ENST00000327044	not_lof	downstream_gene_variant	Unmet	Unmet	na
1-943332-C-T	NOC2L	ENST00000327044	not_lof	downstream_gene_variant	Unmet	Unmet	na
1-943341-C-T	NOC2L	ENST00000327044	not_lof	downstream_gene_variant	Unmet	Unmet	na
1-943342-G-T	NOC2L	ENST00000327044	not_lof	downstream_gene_variant	Unmet	Unmet	na
1-943343-T-TG	NOC2L	ENST00000327044	not_lof	downstream_gene_variant	Unmet	Unmet	na
1-943344-G-A	NOC2L	ENST00000327044	not_lof	downstream_gene_variant	Unmet	Unmet	na
1-943347-G-A	NOC2L	ENST00000327044	not_lof	downstream_gene_variant	Unmet	Unmet	na
1-943351-C-T	NOC2L	ENST00000327044	not_lof	downstream_gene_variant	Unmet	Unmet	na
1-943353-G-C	NOC2L	ENST00000327044	not_lof	downstream_gene_variant	Unmet	Unmet	na
1-943355-C-T	NOC2L	ENST00000327044	not_lof	downstream_gene_variant	Unmet	Unmet	na
1-943363-G-C	NOC2L	ENST00000327044	not_lof	downstream_gene_variant	Unmet	Unmet	na
1-943364-G-C	NOC2L	ENST00000327044	not_lof	downstream_gene_variant	Unmet	Unmet	na
1-943365-A-C	NOC2L	ENST00000327044	not_lof	downstream_gene_variant	Unmet	Unmet	na
1-943371-C-T	NOC2L	ENST00000327044	not_lof	downstream_gene_variant	Unmet	Unmet	na
1-943375-C-T	NOC2L	ENST00000327044	not_lof	downstream_gene_variant	Unmet	Unmet	na
1-943381-A-AG	NOC2L	ENST00000327044	not_lof	downstream_gene_variant	Unmet	Unmet	na
1-943381-AG-A	NOC2L	ENST00000327044	not_lof	downstream_gene_variant	Unmet	Unmet	na
1-943384-G-C	NOC2L	ENST00000327044	not_lof	downstream_gene_variant	Unmet	Unmet	na
1-943388-G-T	NOC2L	ENST00000327044	not_lof	downstream_gene_variant	Unmet	Unmet	na
1-943389-C-G	NOC2L	ENST00000327044	not_lof	downstream_gene_variant	Unmet	Unmet	na
1-943390-C-T	NOC2L	ENST00000327044	not_lof	downstream_gene_variant	Unmet	Unmet	na
1-943391-C-T	NOC2L	ENST00000327044	not_lof	downstream_gene_variant	Unmet	Unmet	na
1-943678-T-A	NOC2L	ENST00000327044	not_lof	downstream_gene_variant	Unmet	Unmet	na
1-943678-T-TC	NOC2L	ENST00000327044	not_lof	downstream_gene_variant	Unmet	Unmet	na
1-943685-C-G	NOC2L	ENST00000327044	not_lof	downstream_gene_variant	Unmet	Unmet	na
1-943686-T-C	NOC2L	ENST00000327044	not_lof	downstream_gene_variant	Unmet	Unmet	na
1-943686-T-TC	NOC2L	ENST00000327044	not_lof	downstream_gene_variant	Unmet	Unmet	na
1-943686-TCCCC-T	NOC2L	ENST00000327044	not_lof	downstream_gene_variant	Unmet	Unmet	na
1-943688-C-T	NOC2L	ENST00000327044	not_lof	downstream_gene_variant	Unmet	Unmet	na
1-943689-C-G	NOC2L	ENST00000327044	not_lof	downstream_gene_variant	Unmet	Unmet	na
1-943691-C-T	NOC2L	ENST00000327044	not_lof	downstream_gene_variant	Unmet	Unmet	na
1-943704-A-G	NOC2L	ENST00000327044	not_lof	downstream_gene_variant	Unmet	Unmet	na
1-943707-G-A	NOC2L	ENST00000327044	not_lof	downstream_gene_variant	Unmet	Unmet	na
1-943714-G-A	NOC2L	ENST00000327044	not_lof	downstream_gene_variant	Unmet	Unmet	na
1-943718-C-T	NOC2L	ENST00000327044	not_lof	downstream_gene_variant	Unmet	Unmet	na
1-943721-C-A	NOC2L	ENST00000327044	not_lof	downstream_gene_variant	Unmet	Unmet	na
1-943726-A-C	NOC2L	ENST00000327044	not_lof	downstream_gene_variant	Unmet	Unmet	na
1-943729-C-T	NOC2L	ENST00000327044	not_lof	downstream_gene_variant	Unmet	Unmet	na
1-943731-C-T	NOC2L	ENST00000327044	not_lof	downstream_gene_variant	Unmet	Unmet	na
1-943733-G-A	NOC2L	ENST00000327044	not_lof	downstream_gene_variant	Unmet	Unmet	na
1-943734-C-T	NOC2L	ENST00000327044	not_lof	downstream_gene_variant	Unmet	Unmet	na
1-943735-C-G	NOC2L	ENST00000327044	not_lof	downstream_gene_variant	Unmet	Unmet	na
1-943736-ACTGCTGACGGAGGAGCAC-A	NOC2L	ENST00000327044	not_lof	downstream_gene_variant	Unmet	Unmet	na
1-943745-G-A	NOC2L	ENST00000327044	not_lof	downstream_gene_variant	Unmet	Unmet	na
1-943755-C-T	NOC2L	ENST00000327044	not_lof	downstream_gene_variant	Unmet	Unmet	na
1-943757-G-A	NOC2L	ENST00000327044	not_lof	downstream_gene_variant	Unmet	Unmet	na
1-943762-C-G	NOC2L	ENST00000327044	not_lof	downstream_gene_variant	Unmet	Unmet	na
1-943765-A-C	NOC2L	ENST00000327044	not_lof	downstream_gene_variant	Unmet	Unmet	na
1-943768-T-C	NOC2L	ENST00000327044	not_lof	downstream_gene_variant	Unmet	Unmet	na
1-943773-C-A	NOC2L	ENST00000327044	not_lof	downstream_gene_variant	Unmet	Unmet	na
1-943773-C-T	NOC2L	ENST00000327044	not_lof	downstream_gene_variant	Unmet	Unmet	na
1-943774-T-TGAAGCTGGGGCC	NOC2L	ENST00000327044	not_lof	downstream_gene_variant	Unmet	Unmet	na
1-943779-C-G	NOC2L	ENST00000327044	not_lof	downstream_gene_variant	Unmet	Unmet	na
1-943796-G-T	NOC2L	ENST00000327044	not_lof	downstream_gene_variant	Unmet	Unmet	na
1-943799-C-A	NOC2L	ENST00000327044	not_lof	downstream_gene_variant	Unmet	Unmet	na
1-943801-G-A	NOC2L	ENST00000327044	not_lof	downstream_gene_variant	Unmet	Unmet	na
1-943802-G-A	NOC2L	ENST00000327044	not_lof	downstream_gene_variant	Unmet	Unmet	na
1-943804-C-T	NOC2L	ENST00000327044	not_lof	downstream_gene_variant	Unmet	Unmet	na
1-943805-C-G	NOC2L	ENST00000327044	not_lof	downstream_gene_variant	Unmet	Unmet	na
1-943813-G-A	NOC2L	ENST00000327044	not_lof	downstream_gene_variant	Unmet	Unmet	na
1-943815-C-T	NOC2L	ENST00000327044	not_lof	downstream_gene_variant	Unmet	Unmet	na
1-943823-A-C	NOC2L	ENST00000327044	not_lof	downstream_gene_variant	Unmet	Unmet	na
1-943826-G-A	NOC2L	ENST00000327044	not_lof	downstream_gene_variant	Unmet	Unmet	na
1-943889-C-G	NOC2L	ENST00000327044	not_lof	downstream_gene_variant	Unmet	Unmet	na
1-943894-C-T	NOC2L	ENST00000327044	not_lof	downstream_gene_variant	Unmet	Unmet	na
1-943896-A-C	NOC2L	ENST00000327044	not_lof	downstream_gene_variant	Unmet	Unmet	na
1-943896-A-G	NOC2L	ENST00000327044	not_lof	downstream_gene_variant	Unmet	Unmet	na
1-943900-C-G	NOC2L	ENST00000327044	not_lof	downstream_gene_variant	Unmet	Unmet	na
1-943909-T-G	NOC2L	ENST00000327044	not_lof	downstream_gene_variant	Unmet	Unmet	na
1-943914-A-G	NOC2L	ENST00000327044	not_lof	downstream_gene_variant	Unmet	Unmet	na
1-943917-C-T	NOC2L	ENST00000327044	not_lof	downstream_gene_variant	Unmet	Unmet	na
1-943926-C-T	NOC2L	ENST00000327044	not_lof	downstream_gene_variant	Unmet	Unmet	na
1-943926-C-G	NOC2L	ENST00000327044	not_lof	downstream_gene_variant	Unmet	Unmet	na
1-943926-CGA-C	NOC2L	ENST00000327044	not_lof	downstream_gene_variant	Unmet	Unmet	na
1-943928-AG-TT	NOC2L	ENST00000327044	not_lof	downstream_gene_variant	Unmet	Unmet	na
1-943931-TTTC-T	NOC2L	ENST00000327044	not_lof	downstream_gene_variant	Unmet	Unmet	na
1-943933-T-C	NOC2L	ENST00000327044	not_lof	downstream_gene_variant	Unmet	Unmet	na
1-943937-C-T	NOC2L	ENST00000327044	not_lof	downstream_gene_variant	Unmet	Unmet	na
1-943942-C-G	NOC2L	ENST00000327044	not_lof	downstream_gene_variant	Unmet	Unmet	na
1-943942-C-T	NOC2L	ENST00000327044	not_lof	downstream_gene_variant	Unmet	Unmet	na
1-943943-C-T	NOC2L	ENST00000327044	not_lof	downstream_gene_variant	Unmet	Unmet	na
1-943946-C-T	NOC2L	ENST00000327044	not_lof	downstream_gene_variant	Unmet	Unmet	na
1-943952-C-T	NOC2L	ENST00000327044	not_lof	downstream_gene_variant	Unmet	Unmet	na
1-943953-G-A	NOC2L	ENST00000327044	not_lof	downstream_gene_variant	Unmet	Unmet	na
1-943957-C-G	NOC2L	ENST00000327044	not_lof	downstream_gene_variant	Unmet	Unmet	na
1-943957-C-T	NOC2L	ENST00000327044	not_lof	downstream_gene_variant	Unmet	Unmet	na
1-943959-C-G	NOC2L	ENST00000327044	not_lof	downstream_gene_variant	Unmet	Unmet	na
1-943961-G-A	NOC2L	ENST00000327044	not_lof	downstream_gene_variant	Unmet	Unmet	na
1-943964-A-G	NOC2L	ENST00000327044	not_lof	downstream_gene_variant	Unmet	Unmet	na
1-943972-C-T	NOC2L	ENST00000327044	not_lof	downstream_gene_variant	Unmet	Unmet	na
1-943974-C-A	NOC2L	ENST00000327044	not_lof	downstream_gene_variant	Unmet	Unmet	na
1-943974-C-G	NOC2L	ENST00000327044	not_lof	downstream_gene_variant	Unmet	Unmet	na
1-943979-C-T	NOC2L	ENST00000327044	not_lof	downstream_gene_variant	Unmet	Unmet	na
1-943983-C-T	NOC2L	ENST00000327044	not_lof	downstream_gene_variant	Unmet	Unmet	na
1-943984-G-A	NOC2L	ENST00000327044	not_lof	downstream_gene_variant	Unmet	Unmet	na
1-943986-G-T	NOC2L	ENST00000327044	not_lof	downstream_gene_variant	Unmet	Unmet	na
1-943987-C-T	NOC2L	ENST00000327044	not_lof	downstream_gene_variant	Unmet	Unmet	na
1-943991-G-A	NOC2L	ENST00000327044	not_lof	downstream_gene_variant	Unmet	Unmet	na
1-943995-C-T	NOC2L	ENST00000327044	not_lof	downstream_gene_variant	Unmet	Unmet	na
1-943996-G-A	NOC2L	ENST00000327044	not_lof	downstream_gene_variant	Unmet	Unmet	na
1-943996-G-C	NOC2L	ENST00000327044	not_lof	downstream_gene_variant	Unmet	Unmet	na
1-944001-C-T	NOC2L	ENST00000327044	not_lof	downstream_gene_variant	Unmet	Unmet	na
1-944003-C-T	NOC2L	ENST00000327044	not_lof	downstream_gene_variant	Unmet	Unmet	na
1-944004-G-A	NOC2L	ENST00000327044	not_lof	downstream_gene_variant	Unmet	Unmet	na
1-944011-G-A	NOC2L	ENST00000327044	not_lof	downstream_gene_variant	Unmet	Unmet	na
1-944018-G-A	NOC2L	ENST00000327044	not_lof	downstream_gene_variant	Unmet	Unmet	na
1-944020-C-T	NOC2L	ENST00000327044	not_lof	downstream_gene_variant	Unmet	Unmet	na
1-944023-T-C	NOC2L	ENST00000327044	not_lof	downstream_gene_variant	Unmet	Unmet	na
1-944025-T-C	NOC2L	ENST00000327044	not_lof	downstream_gene_variant	Unmet	Unmet	na
1-944029-C-G	NOC2L	ENST00000327044	not_lof	downstream_gene_variant	Unmet	Unmet	na
1-944030-C-G	NOC2L	ENST00000327044	not_lof	downstream_gene_variant	Unmet	Unmet	na
1-944031-A-C	NOC2L	ENST00000327044	not_lof	downstream_gene_variant	Unmet	Unmet	na
1-944032-C-T	NOC2L	ENST00000327044	not_lof	downstream_gene_variant	Unmet	Unmet	na
1-944033-G-A	NOC2L	ENST00000327044	not_lof	downstream_gene_variant	Unmet	Unmet	na
1-944034-A-G	NOC2L	ENST00000327044	not_lof	downstream_gene_variant	Unmet	Unmet	na
1-944035-C-T	NOC2L	ENST00000327044	not_lof	downstream_gene_variant	Unmet	Unmet	na
1-944035-CGGCCACGTCCCCCTATGGAGGG-C	NOC2L	ENST00000327044	not_lof	downstream_gene_variant	Unmet	Unmet	na
1-944036-G-A	NOC2L	ENST00000327044	not_lof	downstream_gene_variant	Unmet	Unmet	na
1-944039-C-T	NOC2L	ENST00000327044	not_lof	downstream_gene_variant	Unmet	Unmet	na
1-944041-C-T	NOC2L	ENST00000327044	not_lof	downstream_gene_variant	Unmet	Unmet	na
1-944041-C-A	NOC2L	ENST00000327044	not_lof	downstream_gene_variant	Unmet	Unmet	na
1-944042-G-T	NOC2L	ENST00000327044	not_lof	downstream_gene_variant	Unmet	Unmet	na
1-944043-T-TCCCCCTATGGAGGGGGCCACGC	NOC2L	ENST00000327044	not_lof	downstream_gene_variant	Unmet	Unmet	na
1-944051-T-C	NOC2L	ENST00000327044	not_lof	downstream_gene_variant	Unmet	Unmet	na
1-944051-T-G	NOC2L	ENST00000327044	not_lof	downstream_gene_variant	Unmet	Unmet	na
1-944055-G-A	NOC2L	ENST00000327044	not_lof	downstream_gene_variant	Unmet	Unmet	na
1-944056-G-A	NOC2L	ENST00000327044	not_lof	downstream_gene_variant	Unmet	Unmet	na
1-944057-G-T	NOC2L	ENST00000327044	not_lof	downstream_gene_variant	Unmet	Unmet	na
1-944058-G-A	NOC2L	ENST00000327044	not_lof	downstream_gene_variant	Unmet	Unmet	na
1-944059-G-A	NOC2L	ENST00000327044	not_lof	downstream_gene_variant	Unmet	Unmet	na
1-944063-C-T	NOC2L	ENST00000327044	not_lof	downstream_gene_variant	Unmet	Unmet	na
1-944064-G-A	NOC2L	ENST00000327044	not_lof	downstream_gene_variant	Unmet	Unmet	na
1-944065-C-T	NOC2L	ENST00000327044	not_lof	downstream_gene_variant	Unmet	Unmet	na
1-944067-C-G	NOC2L	ENST00000327044	not_lof	downstream_gene_variant	Unmet	Unmet	na
1-944072-C-A	NOC2L	ENST00000327044	not_lof	downstream_gene_variant	Unmet	Unmet	na
1-944073-G-A	NOC2L	ENST00000327044	not_lof	downstream_gene_variant	Unmet	Unmet	na
1-944078-A-C	NOC2L	ENST00000327044	not_lof	downstream_gene_variant	Unmet	Unmet	na
1-944082-T-C	NOC2L	ENST00000327044	not_lof	downstream_gene_variant	Unmet	Unmet	na
1-944087-C-T	NOC2L	ENST00000327044	not_lof	downstream_gene_variant	Unmet	Unmet	na
1-944093-G-A	NOC2L	ENST00000327044	not_lof	downstream_gene_variant	Unmet	Unmet	na
1-944097-A-G	NOC2L	ENST00000327044	not_lof	downstream_gene_variant	Unmet	Unmet	na
1-944101-G-C	NOC2L	ENST00000327044	not_lof	downstream_gene_variant	Unmet	Unmet	na
1-944101-G-T	NOC2L	ENST00000327044	not_lof	downstream_gene_variant	Unmet	Unmet	na
1-944102-G-A	NOC2L	ENST00000327044	not_lof	downstream_gene_variant	Unmet	Unmet	na
1-944102-G-C	NOC2L	ENST00000327044	not_lof	downstream_gene_variant	Unmet	Unmet	na
1-944102-G-T	NOC2L	ENST00000327044	not_lof	downstream_gene_variant	Unmet	Unmet	na
1-944104-C-T	NOC2L	ENST00000327044	not_lof	downstream_gene_variant	Unmet	Unmet	na
1-944105-C-T	NOC2L	ENST00000327044	not_lof	downstream_gene_variant	Unmet	Unmet	na
1-944105-C-G	NOC2L	ENST00000327044	not_lof	downstream_gene_variant	Unmet	Unmet	na
1-944107-T-C	NOC2L	ENST00000327044	not_lof	downstream_gene_variant	Unmet	Unmet	na
1-944110-C-T	NOC2L	ENST00000327044	not_lof	downstream_gene_variant	Unmet	Unmet	na
1-944110-C-G	NOC2L	ENST00000327044	not_lof	downstream_gene_variant	Unmet	Unmet	na
1-944112-C-T	NOC2L	ENST00000327044	not_lof	downstream_gene_variant	Unmet	Unmet	na
1-944115-C-T	NOC2L	ENST00000327044	not_lof	downstream_gene_variant	Unmet	Unmet	na
1-944117-T-G	NOC2L	ENST00000327044	not_lof	downstream_gene_variant	Unmet	Unmet	na
1-944121-G-A	NOC2L	ENST00000327044	not_lof	downstream_gene_variant	Unmet	Unmet	na
1-944121-G-T	NOC2L	ENST00000327044	not_lof	downstream_gene_variant	Unmet	Unmet	na
1-944124-G-GC	NOC2L	ENST00000327044	not_lof	downstream_gene_variant	Unmet	Unmet	na
1-944126-C-T	NOC2L	ENST00000327044	not_lof	downstream_gene_variant	Unmet	Unmet	na
1-944129-C-T	NOC2L	ENST00000327044	not_lof	downstream_gene_variant	Unmet	Unmet	na
1-944137-C-T	NOC2L	ENST00000327044	not_lof	downstream_gene_variant	Unmet	Unmet	na
1-944138-C-A	NOC2L	ENST00000327044	not_lof	downstream_gene_variant	Unmet	Unmet	na
1-944143-C-T	NOC2L	ENST00000327044	not_lof	downstream_gene_variant	Unmet	Unmet	na
1-944145-C-G	NOC2L	ENST00000327044	not_lof	downstream_gene_variant	Unmet	Unmet	na
1-944150-T-G	NOC2L	ENST00000327044	not_lof	downstream_gene_variant	Unmet	Unmet	na
1-945564-G-A	NOC2L	ENST00000327044	not_lof	synonymous_variant	Unmet	Unmet	na
1-952029-G-C	NOC2L	ENST00000327044	not_lof	synonymous_variant	Unmet	Unmet	na
1-952609-A-G	NOC2L	ENST00000327044	not_lof	splice_polypyrimidine_tract_variant&intron_variant	Unmet	Unmet	na
1-954070-C-A	NOC2L	ENST00000327044	not_lof	synonymous_variant	Unmet	Unmet	na
1-956013-G-A	NOC2L	ENST00000327044	not_lof	missense_variant&splice_region_variant	Unmet	Unmet	na
1-956990-T-C	NOC2L	ENST00000327044	not_lof	synonymous_variant	Unmet	Unmet	na
1-957132-C-T	NOC2L	ENST00000327044	not_lof	synonymous_variant	Unmet	Unmet	na
1-961629-A-G	KLHL17	ENST00000338591	not_lof	missense_variant&splice_region_variant	Unmet	Unmet	na
1-961753-G-A	KLHL17	ENST00000338591	not_canonical	splice-5	Unmet	Unmet	na
1-962346-C-T	KLHL17	ENST00000338591	not_lof	splice_polypyrimidine_tract_variant&intron_variant	Unmet	Unmet	na
1-962739-C-T	KLHL17	ENST00000338591	not_lof	synonymous_variant	Unmet	Unmet	na
1-962927-C-T	KLHL17	ENST00000338591	not_lof	intron_variant	Unmet	Unmet	na
1-963233-C-T	KLHL17	ENST00000338591	not_lof	synonymous_variant	Unmet	Unmet	na
1-963349-C-G	KLHL17	ENST00000338591	not_lof	synonymous_variant	Unmet	Unmet	na
1-963472-C-T	KLHL17	ENST00000338591	not_lof	synonymous_variant	Unmet	Unmet	na
1-964512-C-A	KLHL17	ENST00000338591	not_lof	missense_variant	Unmet	Unmet	na
1-964530-GGTCCGCAGTGGGGCTGCGGGGAGGGGGGCGCGGGTCCGCAGTGGGGCTGTGGGAGGGGTCCGCGC-G	KLHL17	ENST00000338591	not_canonical	splice-5	Unmet	Unmet	na
1-964539-T-G	KLHL17	ENST00000338591	not_lof	intron_variant	Unmet	Unmet	na
1-965059-G-A	KLHL17	ENST00000338591	not_lof	synonymous_variant	Unmet	Unmet	na
1-966542-G-A	PLEKHN1	ENST00000379410	not_lof	missense_variant	Unmet	Unmet	na
1-966543-C-A	PLEKHN1	ENST00000379410	not_lof	missense_variant	Unmet	Unmet	na
1-970514-C-T	PLEKHN1	ENST00000379410	not_lof	splice_polypyrimidine_tract_variant&splice_region_variant&intron_variant	Unmet	Unmet	na
1-972895-G-A	PLEKHN1	ENST00000379410	not_lof	missense_variant	Unmet	Unmet	na
1-973842-G-A	PLEKHN1	ENST00000379410	not_lof	missense_variant	Unmet	Unmet	na
1-973989-G-A	PLEKHN1	ENST00000379410	not_lof	missense_variant	Unmet	Unmet	na
1-1013466-T-TA		ENST00000458555	not_lof	upstream_gene_variant	Unmet	Unmet	na
1-1013490-C-G		ENST00000458555	not_lof	upstream_gene_variant	Unmet	Unmet	na
1-1013541-T-C		ENST00000458555	not_lof	upstream_gene_variant	Unmet	Unmet	na
1-1013855-G-A		ENST00000458555	not_lof	upstream_gene_variant	Unmet	Unmet	na
1-1013978-C-A		ENST00000458555	not_lof	upstream_gene_variant	Unmet	Unmet	na
1-1013983-G-A		ENST00000458555	not_lof	upstream_gene_variant	Unmet	Unmet	na
1-1013986-C-T		ENST00000458555	not_lof	upstream_gene_variant	Unmet	Unmet	na
1-1013997-C-A		ENST00000458555	not_lof	upstream_gene_variant	Unmet	Unmet	na
1-1013998-G-A		ENST00000458555	not_lof	upstream_gene_variant	Unmet	Unmet	na
1-1014011-G-A		ENST00000458555	not_lof	upstream_gene_variant	Unmet	Unmet	na
1-1014012-C-T		ENST00000458555	not_lof	upstream_gene_variant	Unmet	Unmet	na
1-1014013-G-A		ENST00000458555	not_lof	upstream_gene_variant	Unmet	Unmet	na
1-1014019-C-T		ENST00000458555	not_lof	upstream_gene_variant	Unmet	Unmet	na
1-1014042-G-A		ENST00000458555	not_lof	upstream_gene_variant	Unmet	Unmet	na
1-1014045-C-T		ENST00000458555	not_lof	upstream_gene_variant	Unmet	Unmet	na
1-1014047-A-G		ENST00000458555	not_lof	upstream_gene_variant	Unmet	Unmet	na
1-1014051-C-T		ENST00000458555	not_lof	upstream_gene_variant	Unmet	Unmet	na
1-1014052-G-A		ENST00000458555	not_lof	upstream_gene_variant	Unmet	Unmet	na
1-1014053-G-T		ENST00000458555	not_lof	upstream_gene_variant	Unmet	Unmet	na
1-1014058-A-G		ENST00000458555	not_lof	upstream_gene_variant	Unmet	Unmet	na
1-1014062-C-T		ENST00000458555	not_lof	upstream_gene_variant	Unmet	Unmet	na
1-1014063-T-A		ENST00000458555	not_lof	upstream_gene_variant	Unmet	Unmet	na
1-1014070-G-A		ENST00000458555	not_lof	upstream_gene_variant	Unmet	Unmet	na
1-1014070-G-T		ENST00000458555	not_lof	upstream_gene_variant	Unmet	Unmet	na
1-1014075-T-A		ENST00000458555	not_lof	upstream_gene_variant	Unmet	Unmet	na
1-1014080-C-G		ENST00000458555	not_lof	upstream_gene_variant	Unmet	Unmet	na
1-1014088-C-T		ENST00000458555	not_lof	upstream_gene_variant	Unmet	Unmet	na
1-1014092-G-A		ENST00000458555	not_lof	upstream_gene_variant	Unmet	Unmet	na
1-1014097-C-T		ENST00000458555	not_lof	upstream_gene_variant	Unmet	Unmet	na
1-1014111-G-A		ENST00000458555	not_lof	upstream_gene_variant	Unmet	Unmet	na
1-1014115-G-T		ENST00000458555	not_lof	upstream_gene_variant	Unmet	Unmet	na
1-1014122-C-T		ENST00000458555	not_lof	upstream_gene_variant	Unmet	Unmet	na
1-1014127-G-A		ENST00000458555	not_lof	upstream_gene_variant	Unmet	Unmet	na
1-1014130-C-T		ENST00000458555	not_lof	upstream_gene_variant	Unmet	Unmet	na
1-1014131-G-A		ENST00000458555	not_lof	upstream_gene_variant	Unmet	Unmet	na
1-1014131-G-T		ENST00000458555	not_lof	upstream_gene_variant	Unmet	Unmet	na
1-1014138-C-T		ENST00000458555	not_lof	upstream_gene_variant	Unmet	Unmet	na
1-1014143-C-T		ENST00000458555	not_lof	upstream_gene_variant	Unmet	Unmet	na
1-1014151-G-A		ENST00000458555	not_lof	upstream_gene_variant	Unmet	Unmet	na
1-1014155-C-T		ENST00000458555	not_lof	upstream_gene_variant	Unmet	Unmet	na
1-1014173-C-T		ENST00000458555	not_lof	upstream_gene_variant	Unmet	Unmet	na
1-1014179-C-T		ENST00000458555	not_lof	upstream_gene_variant	Unmet	Unmet	na
1-1014181-C-T		ENST00000458555	not_lof	upstream_gene_variant	Unmet	Unmet	na
1-1014182-G-A		ENST00000458555	not_lof	upstream_gene_variant	Unmet	Unmet	na
1-1014189-C-T		ENST00000458555	not_lof	upstream_gene_variant	Unmet	Unmet	na
1-1014190-G-A		ENST00000458555	not_lof	upstream_gene_variant	Unmet	Unmet	na
1-1014199-G-T		ENST00000458555	not_lof	upstream_gene_variant	Unmet	Unmet	na
1-1014217-C-T		ENST00000458555	not_lof	upstream_gene_variant	Unmet	Unmet	na
1-1014222-C-T		ENST00000458555	not_lof	upstream_gene_variant	Unmet	Unmet	na
1-1014223-TCTGAGCATC-T		ENST00000458555	not_lof	upstream_gene_variant	Unmet	Unmet	na
1-1014228-G-A		ENST00000458555	not_lof	upstream_gene_variant	Unmet	Unmet	na
1-1014234-T-C		ENST00000458555	not_lof	upstream_gene_variant	Unmet	Unmet	na
1-1014236-G-A		ENST00000458555	not_lof	upstream_gene_variant	Unmet	Unmet	na
1-1014251-G-A		ENST00000458555	not_lof	upstream_gene_variant	Unmet	Unmet	na
1-1014255-G-A		ENST00000458555	not_lof	upstream_gene_variant	Unmet	Unmet	na
1-1014268-C-T		ENST00000458555	not_lof	upstream_gene_variant	Unmet	Unmet	na
1-1014274-A-G		ENST00000458555	not_lof	upstream_gene_variant	Unmet	Unmet	na
1-1014274-AC-GT		ENST00000458555	not_lof	upstream_gene_variant	Unmet	Unmet	na
1-1014276-G-A		ENST00000458555	not_lof	upstream_gene_variant	Unmet	Unmet	na
1-1014282-C-T		ENST00000458555	not_lof	upstream_gene_variant	Unmet	Unmet	na
1-1014283-G-A		ENST00000458555	not_lof	upstream_gene_variant	Unmet	Unmet	na
1-1014286-G-A		ENST00000458555	not_lof	upstream_gene_variant	Unmet	Unmet	na
1-1014290-G-A		ENST00000458555	not_lof	upstream_gene_variant	Unmet	Unmet	na
1-1014293-G-A		ENST00000458555	not_lof	upstream_gene_variant	Unmet	Unmet	na
1-1014316-C-T		ENST00000458555	not_lof	upstream_gene_variant	Unmet	Unmet	na
1-1014316-C-CG		ENST00000458555	not_lof	upstream_gene_variant	Unmet	Unmet	na
1-1014327-G-T		ENST00000458555	not_lof	upstream_gene_variant	Unmet	Unmet	na
1-1014332-C-T		ENST00000458555	not_lof	upstream_gene_variant	Unmet	Unmet	na
1-1014335-G-A		ENST00000458555	not_lof	upstream_gene_variant	Unmet	Unmet	na
1-1014337-C-T		ENST00000458555	not_lof	upstream_gene_variant	Unmet	Unmet	na
1-1014338-G-A		ENST00000458555	not_lof	upstream_gene_variant	Unmet	Unmet	na
1-1014358-C-T		ENST00000458555	not_lof	upstream_gene_variant	Unmet	Unmet	na
1-1014359-G-A		ENST00000458555	not_lof	upstream_gene_variant	Unmet	Unmet	na
1-1014359-G-T		ENST00000458555	not_lof	upstream_gene_variant	Unmet	Unmet	na
1-1014363-G-A		ENST00000458555	not_lof	upstream_gene_variant	Unmet	Unmet	na
1-1014368-C-A		ENST00000458555	not_lof	upstream_gene_variant	Unmet	Unmet	na
1-1014380-C-T		ENST00000458555	not_lof	upstream_gene_variant	Unmet	Unmet	na
1-1014382-G-A		ENST00000458555	not_lof	upstream_gene_variant	Unmet	Unmet	na
1-1014385-C-T		ENST00000458555	not_lof	upstream_gene_variant	Unmet	Unmet	na
1-1014388-G-A		ENST00000458555	not_lof	upstream_gene_variant	Unmet	Unmet	na
1-1014389-C-T		ENST00000458555	not_lof	upstream_gene_variant	Unmet	Unmet	na
1-1014390-TG-T		ENST00000458555	not_lof	upstream_gene_variant	Unmet	Unmet	na
1-1014400-C-T		ENST00000458555	not_lof	upstream_gene_variant	Unmet	Unmet	na
1-1014401-G-A		ENST00000458555	not_lof	upstream_gene_variant	Unmet	Unmet	na
1-1014421-C-G		ENST00000458555	not_lof	upstream_gene_variant	Unmet	Unmet	na
1-1014421-CGT-C		ENST00000458555	not_lof	upstream_gene_variant	Unmet	Unmet	na
1-1014422-G-A		ENST00000458555	not_lof	upstream_gene_variant	Unmet	Unmet	na
1-1014426-T-C		ENST00000458555	not_lof	upstream_gene_variant	Unmet	Unmet	na
1-1014428-A-G		ENST00000458555	not_lof	upstream_gene_variant	Unmet	Unmet	na
1-1014442-G-GC		ENST00000458555	not_lof	upstream_gene_variant	Unmet	Unmet	na
1-1014443-C-T		ENST00000458555	not_lof	upstream_gene_variant	Unmet	Unmet	na
1-1014451-C-T		ENST00000458555	not_lof	upstream_gene_variant	Unmet	Unmet	na
1-1014452-G-A		ENST00000458555	not_lof	upstream_gene_variant	Unmet	Unmet	na
1-1014457-A-G		ENST00000458555	not_lof	upstream_gene_variant	Unmet	Unmet	na
1-1014459-A-AGCCCGT		ENST00000458555	not_lof	upstream_gene_variant	Unmet	Unmet	na
1-1014466-C-T		ENST00000458555	not_lof	upstream_gene_variant	Unmet	Unmet	na
1-1014470-C-T		ENST00000458555	not_lof	upstream_gene_variant	Unmet	Unmet	na
1-1014471-G-A		ENST00000458555	not_lof	upstream_gene_variant	Unmet	Unmet	na
1-1014471-G-C		ENST00000458555	not_lof	upstream_gene_variant	Unmet	Unmet	na
1-1019790-G-A	AGRN	ENST00000379370	not_lof	upstream_gene_variant	Unmet	Unmet	na
1-1019833-T-C	AGRN	ENST00000379370	not_lof	upstream_gene_variant	Unmet	Unmet	na
1-1020060-GC-G	AGRN	ENST00000379370	not_lof	upstream_gene_variant	Unmet	Unmet	na
1-1020060-GCC-G	AGRN	ENST00000379370	not_lof	upstream_gene_variant	Unmet	Unmet	na
1-1020066-C-CCCGCCCG	AGRN	ENST00000379370	not_lof	upstream_gene_variant	Unmet	Unmet	na
1-1020177-C-A	AGRN	ENST00000379370	not_lof	missense_variant	Unmet	Unmet	na
1-1020183-G-C	AGRN	ENST00000379370	not_lof	missense_variant	Unmet	Unmet	na
1-1020192-C-G	AGRN	ENST00000379370	not_lof	missense_variant	Unmet	Unmet	na
1-1020192-C-T	AGRN	ENST00000379370	not_lof	missense_variant	Unmet	Unmet	na
1-1020199-G-A	AGRN	ENST00000379370	not_lof	synonymous_variant	Unmet	Unmet	na
1-1020200-C-A	AGRN	ENST00000379370	not_lof	missense_variant	Unmet	Unmet	na
1-1020200-C-T	AGRN	ENST00000379370	not_lof	synonymous_variant	Unmet	Unmet	na
1-1020204-G-GGCCGCTGCT	AGRN	ENST00000379370	not_lof	inframe_insertion	Unmet	Unmet	na
1-1020208-G-C	AGRN	ENST00000379370	not_lof	synonymous_variant	Unmet	Unmet	na
1-1020209-C-G	AGRN	ENST00000379370	not_lof	missense_variant	Unmet	Unmet	na
1-1020216-C-G	AGRN	ENST00000379370	not_lof	missense_variant	Unmet	Unmet	na
1-1020216-C-T	AGRN	ENST00000379370	not_lof	missense_variant	Unmet	Unmet	na
1-1020216-CG-GT	AGRN	ENST00000379370	not_lof	missense_variant	Unmet	Unmet	na
1-1020217-G-T	AGRN	ENST00000379370	not_lof	synonymous_variant	Unmet	Unmet	na
1-1020221-C-T	AGRN	ENST00000379370	not_lof	missense_variant	Unmet	Unmet	na
1-1020223-TGTG-T	AGRN	ENST00000379370	not_lof	inframe_deletion	Unmet	Unmet	na
1-1020226-G-C	AGRN	ENST00000379370	not_lof	synonymous_variant	Unmet	Unmet	na
1-1020235-G-C	AGRN	ENST00000379370	not_lof	synonymous_variant	Unmet	Unmet	na
1-1020237-G-A	AGRN	ENST00000379370	not_lof	missense_variant	Unmet	Unmet	na
1-1020239-G-C	AGRN	ENST00000379370	not_lof	missense_variant	Unmet	Unmet	na
1-1020240-T-G	AGRN	ENST00000379370	not_lof	missense_variant	Unmet	Unmet	na
1-1020248-G-A	AGRN	ENST00000379370	not_lof	missense_variant	Unmet	Unmet	na
1-1020258-G-A	AGRN	ENST00000379370	not_lof	missense_variant	Unmet	Unmet	na
1-1020264-G-T	AGRN	ENST00000379370	not_lof	missense_variant	Unmet	Unmet	na
1-1020265-C-T	AGRN	ENST00000379370	not_lof	synonymous_variant	Unmet	Unmet	na
1-1020266-C-T	AGRN	ENST00000379370	not_lof	missense_variant	Unmet	Unmet	na
1-1020267-C-T	AGRN	ENST00000379370	not_lof	missense_variant	Unmet	Unmet	na
1-1020269-G-A	AGRN	ENST00000379370	not_lof	missense_variant	Unmet	Unmet	na
1-1020274-C-T	AGRN	ENST00000379370	not_lof	synonymous_variant	Unmet	Unmet	na
1-1020292-G-A	AGRN	ENST00000379370	not_lof	synonymous_variant	Unmet	Unmet	na
1-1020297-A-C	AGRN	ENST00000379370	not_lof	missense_variant	Unmet	Unmet	na
1-1020316-C-T	AGRN	ENST00000379370	not_lof	synonymous_variant	Unmet	Unmet	na
1-1020321-C-T	AGRN	ENST00000379370	not_lof	missense_variant	Unmet	Unmet	na
1-1020331-G-A	AGRN	ENST00000379370	not_lof	synonymous_variant	Unmet	Unmet	na
1-1020339-A-G	AGRN	ENST00000379370	not_lof	missense_variant	Unmet	Unmet	na
1-1020344-G-A	AGRN	ENST00000379370	not_lof	missense_variant	Unmet	Unmet	na
1-1020355-G-C	AGRN	ENST00000379370	not_lof	missense_variant	Unmet	Unmet	na
1-1020361-G-C	AGRN	ENST00000379370	not_lof	synonymous_variant	Unmet	Unmet	na
1-1020377-C-A	AGRN	ENST00000379370	not_canonical	splice-5	Unmet	Unmet	na
1-1020383-C-T	AGRN	ENST00000379370	not_lof	intron_variant	Unmet	Unmet	na
1-1020390-C-T	AGRN	ENST00000379370	not_lof	intron_variant	Unmet	Unmet	na
1-1020392-C-G	AGRN	ENST00000379370	not_lof	intron_variant	Unmet	Unmet	na
1-1020392-C-T	AGRN	ENST00000379370	not_lof	intron_variant	Unmet	Unmet	na
1-1020511-G-T	AGRN	ENST00000379370	not_lof	intron_variant	Unmet	Unmet	na
1-1021875-C-T	AGRN	ENST00000379370	not_lof	intron_variant	Unmet	Unmet	na
1-1022184-C-T	AGRN	ENST00000379370	not_lof	splice_polypyrimidine_tract_variant&intron_variant	Unmet	Unmet	na
1-1022188-A-G	AGRN	ENST00000379370	not_lof	splice_polypyrimidine_tract_variant&intron_variant	Unmet	Unmet	na
1-1022225-G-A	AGRN	ENST00000379370	not_lof	missense_variant	Unmet	Unmet	na
1-1022230-A-G	AGRN	ENST00000379370	not_lof	synonymous_variant	Unmet	Unmet	na
1-1022231-G-A	AGRN	ENST00000379370	not_lof	missense_variant	Unmet	Unmet	na
1-1022242-C-A	AGRN	ENST00000379370	not_lof	synonymous_variant	Unmet	Unmet	na
1-1022244-G-A	AGRN	ENST00000379370	not_lof	missense_variant	Unmet	Unmet	na
1-1022245-G-A	AGRN	ENST00000379370	not_lof	synonymous_variant	Unmet	Unmet	na
1-1022260-C-T	AGRN	ENST00000379370	not_lof	synonymous_variant	Unmet	Unmet	na
1-1022268-A-G	AGRN	ENST00000379370	not_lof	missense_variant	Unmet	Unmet	na
1-1022284-C-T	AGRN	ENST00000379370	not_lof	synonymous_variant	Unmet	Unmet	na
1-1022287-C-G	AGRN	ENST00000379370	not_lof	synonymous_variant	Unmet	Unmet	na
1-1022296-C-T	AGRN	ENST00000379370	not_lof	synonymous_variant	Unmet	Unmet	na
1-1022297-C-T	AGRN	ENST00000379370	not_lof	missense_variant	Unmet	Unmet	na
1-1022313-A-T	AGRN	ENST00000379370	not_lof	missense_variant	Unmet	Unmet	na
1-1022335-C-T	AGRN	ENST00000379370	not_lof	synonymous_variant	Unmet	Unmet	na
1-1022338-G-A	AGRN	ENST00000379370	not_lof	synonymous_variant	Unmet	Unmet	na
1-1022349-T-C	AGRN	ENST00000379370	not_lof	missense_variant	Unmet	Unmet	na
1-1022355-C-T	AGRN	ENST00000379370	not_lof	missense_variant	Unmet	Unmet	na
1-1022357-G-C	AGRN	ENST00000379370	not_lof	missense_variant	Unmet	Unmet	na
1-1022361-C-A	AGRN	ENST00000379370	not_lof	missense_variant	Unmet	Unmet	na
1-1022363-C-G	AGRN	ENST00000379370	not_lof	missense_variant	Unmet	Unmet	na
1-1022370-T-C	AGRN	ENST00000379370	not_lof	missense_variant	Unmet	Unmet	na
1-1022379-C-T	AGRN	ENST00000379370	not_lof	missense_variant	Unmet	Unmet	na
1-1022382-A-G	AGRN	ENST00000379370	not_lof	missense_variant	Unmet	Unmet	na
1-1022383-C-G	AGRN	ENST00000379370	not_lof	missense_variant	Unmet	Unmet	na
1-1022390-G-A	AGRN	ENST00000379370	not_lof	missense_variant	Unmet	Unmet	na
1-1022404-C-T	AGRN	ENST00000379370	not_lof	synonymous_variant	Unmet	Unmet	na
1-1022409-G-T	AGRN	ENST00000379370	not_lof	missense_variant	Unmet	Unmet	na
1-1022418-G-A	AGRN	ENST00000379370	not_lof	missense_variant	Unmet	Unmet	na
1-1022421-T-C	AGRN	ENST00000379370	not_lof	missense_variant	Unmet	Unmet	na
1-1022425-C-T	AGRN	ENST00000379370	not_lof	synonymous_variant	Unmet	Unmet	na
1-1022430-G-A	AGRN	ENST00000379370	not_lof	missense_variant	Unmet	Unmet	na
1-1022434-C-A	AGRN	ENST00000379370	not_lof	missense_variant	Unmet	Unmet	na
1-1022440-G-A	AGRN	ENST00000379370	not_lof	synonymous_variant	Unmet	Unmet	na
1-1022448-A-C	AGRN	ENST00000379370	not_lof	missense_variant	Unmet	Unmet	na
1-1022458-G-T	AGRN	ENST00000379370	not_lof	synonymous_variant	Unmet	Unmet	na
1-1022466-C-T	AGRN	ENST00000379370	not_canonical	splice-5	Unmet	Unmet	na
1-1022467-G-A	AGRN	ENST00000379370	not_canonical	splice-5	Unmet	Unmet	na
1-1022480-C-T	AGRN	ENST00000379370	not_lof	intron_variant	Unmet	Unmet	na
1-1022481-G-A	AGRN	ENST00000379370	not_lof	intron_variant	Unmet	Unmet	na
1-1022518-G-T	AGRN	ENST00000379370	not_lof	intron_variant	Unmet	Unmet	na
1-1035037-A-C	AGRN	ENST00000379370	not_lof	intron_variant	Unmet	Unmet	na
1-1035075-G-A	AGRN	ENST00000379370	not_lof	intron_variant	Unmet	Unmet	na
1-1035260-G-A	AGRN	ENST00000379370	not_lof	splice_polypyrimidine_tract_variant&intron_variant	Unmet	Unmet	na
1-1035270-C-T	AGRN	ENST00000379370	not_lof	splice_polypyrimidine_tract_variant&splice_region_variant&intron_variant	Unmet	Unmet	na
1-1035273-C-T	AGRN	ENST00000379370	not_lof	splice_polypyrimidine_tract_variant&splice_region_variant&intron_variant	Unmet	Unmet	na
1-1035284-C-T	AGRN	ENST00000379370	not_lof	synonymous_variant	Unmet	Unmet	na
1-1035285-G-A	AGRN	ENST00000379370	not_lof	missense_variant	Unmet	Unmet	na
1-1035291-C-G	AGRN	ENST00000379370	not_lof	missense_variant	Unmet	Unmet	na
1-1035296-C-T	AGRN	ENST00000379370	not_lof	synonymous_variant	Unmet	Unmet	na
1-1035296-C-A	AGRN	ENST00000379370	not_lof	missense_variant	Unmet	Unmet	na
1-1035297-A-G	AGRN	ENST00000379370	not_lof	missense_variant	Unmet	Unmet	na
1-1035307-C-T	AGRN	ENST00000379370	not_lof	missense_variant	Unmet	Unmet	na
1-1035311-G-A	AGRN	ENST00000379370	not_lof	synonymous_variant	Unmet	Unmet	na
1-1035313-C-T	AGRN	ENST00000379370	not_lof	missense_variant	Unmet	Unmet	na
1-1035316-C-T	AGRN	ENST00000379370	not_lof	missense_variant	Unmet	Unmet	na
1-1035342-C-T	AGRN	ENST00000379370	not_lof	intron_variant	Unmet	Unmet	na
1-1035408-G-A	AGRN	ENST00000379370	not_lof	intron_variant	Unmet	Unmet	na
1-1035456-G-A	AGRN	ENST00000379370	not_lof	intron_variant	Unmet	Unmet	na
1-1035535-C-T	AGRN	ENST00000379370	not_lof	intron_variant	Unmet	Unmet	na
1-1040401-C-T	AGRN	ENST00000379370	not_lof	intron_variant	Unmet	Unmet	na
1-1040446-A-G	AGRN	ENST00000379370	not_lof	intron_variant	Unmet	Unmet	na
1-1040517-C-A	AGRN	ENST00000379370	not_lof	intron_variant	Unmet	Unmet	na
1-1040651-C-G	AGRN	ENST00000379370	not_lof	splice_polypyrimidine_tract_variant&intron_variant	Unmet	Unmet	na
1-1040657-C-T	AGRN	ENST00000379370	not_lof	splice_polypyrimidine_tract_variant&splice_region_variant&intron_variant	Unmet	Unmet	na
1-1040659-C-T	AGRN	ENST00000379370	not_lof	splice_polypyrimidine_tract_variant&splice_region_variant&intron_variant	Unmet	Unmet	na
1-1040672-G-C	AGRN	ENST00000379370	not_lof	synonymous_variant	Unmet	Unmet	na
1-1040676-A-G	AGRN	ENST00000379370	not_lof	missense_variant	Unmet	Unmet	na
1-1040679-C-T	AGRN	ENST00000379370	not_lof	synonymous_variant	Unmet	Unmet	na
1-1040681-G-C	AGRN	ENST00000379370	not_lof	synonymous_variant	Unmet	Unmet	na
1-1040694-G-GC	AGRN	ENST00000379370	not_canonical	frameshift	Unmet	Unmet	na
1-1040697-G-A	AGRN	ENST00000379370	not_lof	missense_variant	Unmet	Unmet	na
1-1040707-C-G	AGRN	ENST00000379370	not_lof	missense_variant	Unmet	Unmet	na
1-1040717-G-A	AGRN	ENST00000379370	not_lof	synonymous_variant	Unmet	Unmet	na
1-1040717-G-GGGGCC	AGRN	ENST00000379370	not_canonical	frameshift	Unmet	Unmet	na
1-1040718-G-A	AGRN	ENST00000379370	not_lof	missense_variant	Unmet	Unmet	na
1-1040727-C-T	AGRN	ENST00000379370	not_lof	missense_variant	Unmet	Unmet	na
1-1040728-G-T	AGRN	ENST00000379370	not_lof	missense_variant	Unmet	Unmet	na
1-1040732-G-A	AGRN	ENST00000379370	not_lof	synonymous_variant	Unmet	Unmet	na
1-1040744-CAAG-C	AGRN	ENST00000379370	not_lof	inframe_deletion	Unmet	Unmet	na
1-1040750-G-A	AGRN	ENST00000379370	not_lof	synonymous_variant	Unmet	Unmet	na
1-1040755-C-T	AGRN	ENST00000379370	not_lof	missense_variant	Unmet	Unmet	na
1-1040756-G-C	AGRN	ENST00000379370	not_lof	synonymous_variant	Unmet	Unmet	na
1-1040756-G-T	AGRN	ENST00000379370	not_lof	synonymous_variant	Unmet	Unmet	na
1-1040761-C-T	AGRN	ENST00000379370	not_lof	missense_variant	Unmet	Unmet	na
1-1040776-C-T	AGRN	ENST00000379370	not_lof	missense_variant	Unmet	Unmet	na
1-1040777-T-C	AGRN	ENST00000379370	not_lof	synonymous_variant	Unmet	Unmet	na
1-1040796-T-G	AGRN	ENST00000379370	not_lof	missense_variant	Unmet	Unmet	na
1-1040803-A-G	AGRN	ENST00000379370	not_lof	missense_variant	Unmet	Unmet	na
1-1040804-C-T	AGRN	ENST00000379370	not_lof	synonymous_variant	Unmet	Unmet	na
1-1040810-C-T	AGRN	ENST00000379370	not_lof	synonymous_variant	Unmet	Unmet	na
1-1040811-G-C	AGRN	ENST00000379370	not_lof	missense_variant	Unmet	Unmet	na
1-1040816-C-T	AGRN	ENST00000379370	not_lof	synonymous_variant	Unmet	Unmet	na
1-1040817-G-A	AGRN	ENST00000379370	not_lof	missense_variant	Unmet	Unmet	na
1-1040819-G-GC	AGRN	ENST00000379370	not_canonical	frameshift	Unmet	Unmet	na
1-1040825-G-A	AGRN	ENST00000379370	not_lof	synonymous_variant	Unmet	Unmet	na
1-1040828-G-A	AGRN	ENST00000379370	not_lof	synonymous_variant	Unmet	Unmet	na
1-1040829-G-T	AGRN	ENST00000379370	not_lof	missense_variant	Unmet	Unmet	na
1-1040839-G-A	AGRN	ENST00000379370	not_lof	missense_variant	Unmet	Unmet	na
1-1040842-A-G	AGRN	ENST00000379370	not_lof	missense_variant	Unmet	Unmet	na
1-1040851-G-T	AGRN	ENST00000379370	not_lof	missense_variant	Unmet	Unmet	na
1-1040853-A-G	AGRN	ENST00000379370	not_lof	missense_variant	Unmet	Unmet	na
1-1040859-C-T	AGRN	ENST00000379370	not_lof	synonymous_variant	Unmet	Unmet	na
1-1040861-G-A	AGRN	ENST00000379370	not_lof	synonymous_variant	Unmet	Unmet	na
1-1040864-C-T	AGRN	ENST00000379370	not_lof	synonymous_variant	Unmet	Unmet	na
1-1040871-G-T	AGRN	ENST00000379370	not_lof	missense_variant	Unmet	Unmet	na
1-1040871-G-A	AGRN	ENST00000379370	not_lof	missense_variant	Unmet	Unmet	na
1-1040879-C-T	AGRN	ENST00000379370	not_lof	splice_region_variant&synonymous_variant	Unmet	Unmet	na
1-1040887-G-C	AGRN	ENST00000379370	not_lof	splice_region_variant&intron_variant	Unmet	Unmet	na
1-1040942-G-A	AGRN	ENST00000379370	not_lof	intron_variant	Unmet	Unmet	na
1-1041119-GGGC-G	AGRN	ENST00000379370	not_lof	intron_variant	Unmet	Unmet	na
1-1041134-C-A	AGRN	ENST00000379370	not_lof	intron_variant	Unmet	Unmet	na
1-1041154-G-A	AGRN	ENST00000379370	not_lof	intron_variant	Unmet	Unmet	na
1-1041158-A-C	AGRN	ENST00000379370	not_lof	splice_polypyrimidine_tract_variant&intron_variant	Unmet	Unmet	na
1-1041165-G-T	AGRN	ENST00000379370	not_lof	splice_polypyrimidine_tract_variant&splice_region_variant&intron_variant	Unmet	Unmet	na
1-1041168-C-T	AGRN	ENST00000379370	not_lof	splice_polypyrimidine_tract_variant&splice_region_variant&intron_variant	Unmet	Unmet	na
1-1041174-C-G	AGRN	ENST00000379370	not_lof	splice_region_variant&synonymous_variant	Unmet	Unmet	na
1-1041178-C-A	AGRN	ENST00000379370	not_lof	synonymous_variant	Unmet	Unmet	na
1-1041183-C-T	AGRN	ENST00000379370	not_lof	synonymous_variant	Unmet	Unmet	na
1-1041186-C-T	AGRN	ENST00000379370	not_lof	synonymous_variant	Unmet	Unmet	na
1-1041194-A-C	AGRN	ENST00000379370	not_lof	missense_variant	Unmet	Unmet	na
1-1041195-C-G	AGRN	ENST00000379370	not_lof	missense_variant	Unmet	Unmet	na
1-1041197-T-C	AGRN	ENST00000379370	not_lof	missense_variant	Unmet	Unmet	na
1-1041208-T-C	AGRN	ENST00000379370	not_lof	missense_variant	Unmet	Unmet	na
1-1041216-C-T	AGRN	ENST00000379370	not_lof	synonymous_variant	Unmet	Unmet	na
1-1041218-C-T	AGRN	ENST00000379370	not_lof	missense_variant	Unmet	Unmet	na
1-1041237-C-A	AGRN	ENST00000379370	not_lof	missense_variant	Unmet	Unmet	na
1-1041238-G-A	AGRN	ENST00000379370	not_lof	missense_variant	Unmet	Unmet	na
1-1041239-G-A	AGRN	ENST00000379370	not_lof	missense_variant	Unmet	Unmet	na
1-1041244-A-G	AGRN	ENST00000379370	not_lof	missense_variant	Unmet	Unmet	na
1-1041245-C-T	AGRN	ENST00000379370	not_lof	missense_variant	Unmet	Unmet	na
1-1041247-GC-AT	AGRN	ENST00000379370	not_lof	missense_variant	Unmet	Unmet	na
1-1041249-C-T	AGRN	ENST00000379370	not_lof	synonymous_variant	Unmet	Unmet	na
1-1041249-C-A	AGRN	ENST00000379370	not_lof	synonymous_variant	Unmet	Unmet	na
1-1041252-G-A	AGRN	ENST00000379370	not_lof	synonymous_variant	Unmet	Unmet	na
1-1041252-G-C	AGRN	ENST00000379370	not_lof	synonymous_variant	Unmet	Unmet	na
1-1041270-C-G	AGRN	ENST00000379370	not_lof	synonymous_variant	Unmet	Unmet	na
1-1041274-C-G	AGRN	ENST00000379370	not_lof	missense_variant	Unmet	Unmet	na
1-1041274-C-T	AGRN	ENST00000379370	not_lof	missense_variant	Unmet	Unmet	na
1-1041281-C-T	AGRN	ENST00000379370	not_lof	missense_variant	Unmet	Unmet	na
1-1041283-C-T	AGRN	ENST00000379370	not_lof	missense_variant	Unmet	Unmet	na
1-1041285-C-G	AGRN	ENST00000379370	not_lof	synonymous_variant	Unmet	Unmet	na
1-1041294-C-T	AGRN	ENST00000379370	not_lof	synonymous_variant	Unmet	Unmet	na
1-1041309-C-T	AGRN	ENST00000379370	not_lof	synonymous_variant	Unmet	Unmet	na
1-1041311-G-A	AGRN	ENST00000379370	not_lof	missense_variant	Unmet	Unmet	na
1-1041318-C-A	AGRN	ENST00000379370	not_lof	missense_variant	Unmet	Unmet	na
1-1041325-G-A	AGRN	ENST00000379370	not_lof	missense_variant	Unmet	Unmet	na
1-1041330-G-A	AGRN	ENST00000379370	not_lof	synonymous_variant	Unmet	Unmet	na
1-1041336-G-A	AGRN	ENST00000379370	not_lof	synonymous_variant	Unmet	Unmet	na
1-1041338-TCCTGCGCCGCG-T	AGRN	ENST00000379370	not_canonical	frameshift	Unmet	Unmet	na
1-1041339-C-T	AGRN	ENST00000379370	not_lof	synonymous_variant	Unmet	Unmet	na
1-1041349-G-A	AGRN	ENST00000379370	not_lof	missense_variant	Unmet	Unmet	na
1-1041349-G-T	AGRN	ENST00000379370	not_lof	missense_variant	Unmet	Unmet	na
1-1041350-C-T	AGRN	ENST00000379370	not_lof	missense_variant	Unmet	Unmet	na
1-1041354-CGCCCGCCAGGAGAATGTCTTCAAGAAGTTCGACG-C	AGRN	ENST00000379370	not_canonical	frameshift	Unmet	Unmet	na
1-1041355-G-A	AGRN	ENST00000379370	not_lof	missense_variant	Unmet	Unmet	na
1-1041378-G-A	AGRN	ENST00000379370	not_lof	synonymous_variant	Unmet	Unmet	na
1-1041385-G-A	AGRN	ENST00000379370	not_lof	missense_variant	Unmet	Unmet	na
1-1041385-G-C	AGRN	ENST00000379370	not_lof	missense_variant	Unmet	Unmet	na
1-1041386-A-T	AGRN	ENST00000379370	not_lof	missense_variant	Unmet	Unmet	na
1-1041387-C-T	AGRN	ENST00000379370	not_lof	synonymous_variant	Unmet	Unmet	na
