vcf_id	Ref.Gene	Stars	Intervar_evidence	intervar_adjusted_call	ID	final_call
1-10495-C-T	NONE	0	InterVar: Benign PVS1=0 PS=[0, 0, 0, 0, 0] PM=[0, 0, 0, 0, 0, 0, 0] PP=[0, 0, 0, 0, 0, 0] BA1=1 BS=[1, 0, 0, 0, 0] BP=[0, 0, 0, 0, 0, 0, 0, 0]	No	rs55998931	Benign
1-13613-T-A	DDX11L1	0	InterVar: Uncertain significance PVS1=0 PS=[0, 0, 0, 0, 0] PM=[0, 0, 0, 0, 0, 0, 0] PP=[0, 0, 0, 0, 0, 0] BA1=0 BS=[0, 0, 0, 0, 0] BP=[0, 0, 0, 0, 0, 0, 0, 0]	No	.	Uncertain_significance
1-13649-G-C	DDX11L1	0	InterVar: Uncertain significance PVS1=0 PS=[0, 0, 0, 0, 0] PM=[0, 0, 0, 0, 0, 0, 0] PP=[0, 0, 0, 0, 0, 0] BA1=0 BS=[1, 0, 0, 0, 0] BP=[0, 0, 0, 0, 0, 0, 0, 0]	No	.	Uncertain_significance
1-13684-C-T	DDX11L1	0	InterVar: Uncertain significance PVS1=0 PS=[0, 0, 0, 0, 0] PM=[0, 0, 0, 0, 0, 0, 0] PP=[0, 0, 0, 0, 0, 0] BA1=0 BS=[1, 0, 0, 0, 0] BP=[0, 0, 0, 0, 0, 0, 0, 0]	No	.	Uncertain_significance
1-13813-T-G	DDX11L1	0	InterVar: Uncertain significance PVS1=0 PS=[0, 0, 0, 0, 0] PM=[0, 0, 0, 0, 0, 0, 0] PP=[0, 0, 0, 0, 0, 0] BA1=0 BS=[1, 0, 0, 0, 0] BP=[0, 0, 0, 0, 0, 0, 0, 0]	No	.	Uncertain_significance
1-13838-C-T	DDX11L1	0	InterVar: Uncertain significance PVS1=0 PS=[0, 0, 0, 0, 0] PM=[0, 0, 0, 0, 0, 0, 0] PP=[0, 0, 0, 0, 0, 0] BA1=0 BS=[1, 0, 0, 0, 0] BP=[0, 0, 0, 0, 0, 0, 0, 0]	No	rs200683566	Uncertain_significance
1-14165-A-G	DDX11L1	0	InterVar: Uncertain significance PVS1=0 PS=[0, 0, 0, 0, 0] PM=[0, 0, 0, 0, 0, 0, 0] PP=[0, 0, 0, 0, 0, 0] BA1=0 BS=[1, 0, 0, 0, 0] BP=[0, 0, 0, 0, 0, 0, 0, 0]	No	.	Uncertain_significance
1-14397-CTGT-C	DDX11L1	0	InterVar: Uncertain significance PVS1=0 PS=[0, 0, 0, 0, 0] PM=[0, 0, 0, 0, 0, 0, 0] PP=[0, 0, 0, 0, 0, 0] BA1=0 BS=[1, 0, 0, 0, 0] BP=[0, 0, 0, 0, 0, 0, 0, 0]	No	rs370886505	Uncertain_significance
1-14470-G-A	WASH7P	0	InterVar: Uncertain significance PVS1=0 PS=[0, 0, 0, 0, 0] PM=[0, 0, 0, 0, 0, 0, 0] PP=[0, 0, 0, 0, 0, 0] BA1=0 BS=[0, 0, 0, 0, 0] BP=[0, 0, 0, 0, 0, 0, 0, 0]	No	.	Uncertain_significance
1-14591-G-A	WASH7P	0	InterVar: Uncertain significance PVS1=0 PS=[0, 0, 0, 0, 0] PM=[0, 0, 0, 0, 0, 0, 0] PP=[0, 0, 0, 0, 0, 0] BA1=0 BS=[1, 0, 0, 0, 0] BP=[0, 0, 0, 0, 0, 0, 0, 0]	No	.	Uncertain_significance
