vcf_id	Gene.ensGene	gnomad_af	variant_depth	variant_af	Stars	InterVar: InterVar and Evidence	adjusted_call	final_call.y
chr17-276257-C-A	RPH3AL	PASS	PASS	PASS	0	InterVar: Benign PVS1=0 PS=[0, 0, 0, 0, 0] PM=[0, 0, 0, 0, 0, 0, 0] PP=[0, 0, 0, 0, 0, 0] BA1=1 BS=[1, 0, 0, 0, 0] BP=[0, 0, 0, 0, 0, 0, 0, 0]	No	Benign
chr17-276418-G-A	RPH3AL	PASS	PASS	PASS	0	InterVar: Benign PVS1=0 PS=[0, 0, 0, 0, 0] PM=[0, 0, 0, 0, 0, 0, 0] PP=[0, 0, 0, 0, 0, 0] BA1=1 BS=[1, 0, 0, 0, 0] BP=[0, 0, 0, 0, 0, 0, 0, 0]	No	Benign
chr17-276910-C-A	RPH3AL	PASS	PASS	PASS	0	InterVar: Benign PVS1=0 PS=[0, 0, 0, 0, 0] PM=[0, 0, 0, 0, 0, 0, 0] PP=[0, 0, 0, 0, 0, 0] BA1=1 BS=[1, 0, 0, 0, 0] BP=[0, 0, 0, 0, 0, 0, 0, 0]	No	Benign
chr17-277094-G-T	RPH3AL	FAIL	PASS	PASS	0	InterVar: Benign PVS1=0 PS=[0, 0, 0, 0, 0] PM=[0, 0, 0, 0, 0, 0, 0] PP=[0, 0, 0, 0, 0, 0] BA1=1 BS=[1, 0, 0, 0, 0] BP=[0, 0, 0, 0, 0, 0, 0, 0]	No	Benign
chr17-277773-T-C	RPH3AL	PASS	PASS	PASS	0	InterVar: Benign PVS1=0 PS=[0, 0, 0, 0, 0] PM=[0, 0, 0, 0, 0, 0, 0] PP=[0, 0, 0, 0, 0, 0] BA1=1 BS=[1, 0, 0, 0, 0] BP=[0, 0, 0, 0, 0, 0, 0, 0]	No	Benign
chr17-277962-C-A	RPH3AL	PASS	PASS	PASS	0	InterVar: Benign PVS1=0 PS=[0, 0, 0, 0, 0] PM=[0, 0, 0, 0, 0, 0, 0] PP=[0, 0, 0, 0, 0, 0] BA1=1 BS=[1, 0, 0, 0, 0] BP=[0, 0, 0, 0, 0, 0, 0, 0]	No	Benign
chr17-278598-C-T	RPH3AL	PASS	PASS	PASS	0	InterVar: Benign PVS1=0 PS=[0, 0, 0, 0, 0] PM=[0, 0, 0, 0, 0, 0, 0] PP=[0, 0, 0, 0, 0, 0] BA1=1 BS=[1, 0, 0, 0, 0] BP=[0, 0, 0, 0, 0, 0, 0, 0]	No	Benign
chr17-279332-C-T	RPH3AL	FAIL	PASS	PASS	0	InterVar: Uncertain significance PVS1=0 PS=[0, 0, 0, 0, 0] PM=[0, 0, 0, 0, 0, 0, 0] PP=[0, 0, 0, 0, 0, 0] BA1=0 BS=[1, 0, 0, 0, 0] BP=[0, 0, 0, 0, 0, 0, 0, 0]	No	Uncertain significance
chr17-279434-T-C	RPH3AL	FAIL	PASS	PASS	0	InterVar: Benign PVS1=0 PS=[0, 0, 0, 0, 0] PM=[0, 0, 0, 0, 0, 0, 0] PP=[0, 0, 0, 0, 0, 0] BA1=1 BS=[1, 0, 0, 0, 0] BP=[0, 0, 0, 0, 0, 0, 0, 0]	No	Benign
chr17-279592-A-C	RPH3AL	PASS	PASS	PASS	0	InterVar: Benign PVS1=0 PS=[0, 0, 0, 0, 0] PM=[0, 0, 0, 0, 0, 0, 0] PP=[0, 0, 0, 0, 0, 0] BA1=1 BS=[1, 0, 0, 0, 0] BP=[0, 0, 0, 0, 0, 0, 0, 0]	No	Benign
chr17-279594-A-G	RPH3AL	PASS	PASS	PASS	0	InterVar: Benign PVS1=0 PS=[0, 0, 0, 0, 0] PM=[0, 0, 0, 0, 0, 0, 0] PP=[0, 0, 0, 0, 0, 0] BA1=1 BS=[1, 0, 0, 0, 0] BP=[0, 0, 0, 0, 0, 0, 0, 0]	No	Benign
chr17-279666-C-T	RPH3AL	PASS	PASS	PASS	0	InterVar: Benign PVS1=0 PS=[0, 0, 0, 0, 0] PM=[0, 0, 0, 0, 0, 0, 0] PP=[0, 0, 0, 0, 0, 0] BA1=1 BS=[1, 0, 0, 0, 0] BP=[0, 0, 0, 0, 0, 0, 0, 0]	No	Benign
chr17-279914-G-A	RPH3AL	PASS	PASS	PASS	0	InterVar: Benign PVS1=0 PS=[0, 0, 0, 0, 0] PM=[0, 0, 0, 0, 0, 0, 0] PP=[0, 0, 0, 0, 0, 0] BA1=1 BS=[1, 0, 0, 0, 0] BP=[0, 0, 0, 0, 0, 0, 0, 0]	No	Benign
chr17-279930-A-G	RPH3AL	PASS	PASS	PASS	0	InterVar: Benign PVS1=0 PS=[0, 0, 0, 0, 0] PM=[0, 0, 0, 0, 0, 0, 0] PP=[0, 0, 0, 0, 0, 0] BA1=1 BS=[1, 0, 0, 0, 0] BP=[0, 0, 0, 0, 0, 0, 0, 0]	No	Benign
chr17-280333-A-C	RPH3AL	PASS	PASS	PASS	0	InterVar: Benign PVS1=0 PS=[0, 0, 0, 0, 0] PM=[0, 0, 0, 0, 0, 0, 0] PP=[0, 0, 0, 0, 0, 0] BA1=1 BS=[1, 0, 0, 0, 0] BP=[0, 0, 0, 0, 0, 0, 0, 0]	No	Benign
chr17-280342-G-A	RPH3AL	PASS	PASS	PASS	0	InterVar: Benign PVS1=0 PS=[0, 0, 0, 0, 0] PM=[0, 0, 0, 0, 0, 0, 0] PP=[0, 0, 0, 0, 0, 0] BA1=1 BS=[1, 0, 0, 0, 0] BP=[0, 0, 0, 0, 0, 0, 0, 0]	No	Benign
chr17-280815-C-G	RPH3AL	PASS	PASS	PASS	0	InterVar: Benign PVS1=0 PS=[0, 0, 0, 0, 0] PM=[0, 0, 0, 0, 0, 0, 0] PP=[0, 0, 0, 0, 0, 0] BA1=1 BS=[1, 0, 0, 0, 0] BP=[0, 0, 0, 0, 0, 0, 0, 0]	No	Benign
chr17-281506-G-A	RPH3AL	PASS	PASS	PASS	0	InterVar: Benign PVS1=0 PS=[0, 0, 0, 0, 0] PM=[0, 0, 0, 0, 0, 0, 0] PP=[0, 0, 0, 0, 0, 0] BA1=1 BS=[1, 0, 0, 0, 0] BP=[0, 0, 0, 0, 0, 0, 0, 0]	No	Benign
chr17-281644-C-A	RPH3AL	PASS	PASS	PASS	0	InterVar: Benign PVS1=0 PS=[0, 0, 0, 0, 0] PM=[0, 0, 0, 0, 0, 0, 0] PP=[0, 0, 0, 0, 0, 0] BA1=1 BS=[1, 0, 0, 0, 0] BP=[0, 0, 0, 0, 0, 0, 0, 0]	No	Benign
chr17-281725-C-A	RPH3AL	PASS	PASS	PASS	0	InterVar: Benign PVS1=0 PS=[0, 0, 0, 0, 0] PM=[0, 0, 0, 0, 0, 0, 0] PP=[0, 0, 0, 0, 0, 0] BA1=1 BS=[1, 0, 0, 0, 0] BP=[0, 0, 0, 0, 0, 0, 0, 0]	No	Benign
chr17-281918-A-G	RPH3AL	PASS	PASS	PASS	0	InterVar: Benign PVS1=0 PS=[0, 0, 0, 0, 0] PM=[0, 0, 0, 0, 0, 0, 0] PP=[0, 0, 0, 0, 0, 0] BA1=1 BS=[1, 0, 0, 0, 0] BP=[0, 0, 0, 0, 0, 0, 0, 0]	No	Benign
chr17-281965-T-G	RPH3AL	PASS	PASS	PASS	0	InterVar: Benign PVS1=0 PS=[0, 0, 0, 0, 0] PM=[0, 0, 0, 0, 0, 0, 0] PP=[0, 0, 0, 0, 0, 0] BA1=1 BS=[1, 0, 0, 0, 0] BP=[0, 0, 0, 0, 0, 0, 0, 0]	No	Benign
chr17-282127-A-G	RPH3AL	PASS	PASS	PASS	0	InterVar: Benign PVS1=0 PS=[0, 0, 0, 0, 0] PM=[0, 0, 0, 0, 0, 0, 0] PP=[0, 0, 0, 0, 0, 0] BA1=1 BS=[1, 0, 0, 0, 0] BP=[0, 0, 0, 0, 0, 0, 0, 0]	No	Benign
chr17-282226-C-T	RPH3AL	PASS	PASS	PASS	0	InterVar: Benign PVS1=0 PS=[0, 0, 0, 0, 0] PM=[0, 0, 0, 0, 0, 0, 0] PP=[0, 0, 0, 0, 0, 0] BA1=1 BS=[1, 0, 0, 0, 0] BP=[0, 0, 0, 0, 0, 0, 0, 0]	No	Benign
chr17-282271-G-A	RPH3AL	FAIL	PASS	PASS	0	InterVar: Benign PVS1=0 PS=[0, 0, 0, 0, 0] PM=[0, 0, 0, 0, 0, 0, 0] PP=[0, 0, 0, 0, 0, 0] BA1=1 BS=[1, 0, 0, 0, 0] BP=[0, 0, 0, 0, 0, 0, 0, 0]	No	Benign
chr17-282354-T-G	RPH3AL	PASS	PASS	PASS	0	InterVar: Benign PVS1=0 PS=[0, 0, 0, 0, 0] PM=[0, 0, 0, 0, 0, 0, 0] PP=[0, 0, 0, 0, 0, 0] BA1=1 BS=[1, 0, 0, 0, 0] BP=[0, 0, 0, 0, 0, 0, 0, 0]	No	Benign
chr17-282366-T-C	RPH3AL	PASS	PASS	PASS	0	InterVar: Benign PVS1=0 PS=[0, 0, 0, 0, 0] PM=[0, 0, 0, 0, 0, 0, 0] PP=[0, 0, 0, 0, 0, 0] BA1=1 BS=[1, 0, 0, 0, 0] BP=[0, 0, 0, 0, 0, 0, 0, 0]	No	Benign
chr17-282537-C-G	RPH3AL	PASS	PASS	PASS	0	InterVar: Benign PVS1=0 PS=[0, 0, 0, 0, 0] PM=[0, 0, 0, 0, 0, 0, 0] PP=[0, 0, 0, 0, 0, 0] BA1=1 BS=[1, 0, 0, 0, 0] BP=[0, 0, 0, 0, 0, 0, 0, 0]	No	Benign
chr17-282549-G-C	RPH3AL	PASS	PASS	PASS	0	InterVar: Benign PVS1=0 PS=[0, 0, 0, 0, 0] PM=[0, 0, 0, 0, 0, 0, 0] PP=[0, 0, 0, 0, 0, 0] BA1=1 BS=[1, 0, 0, 0, 0] BP=[0, 0, 0, 0, 0, 0, 0, 0]	No	Benign
chr17-282769-G-C	RPH3AL	PASS	PASS	PASS	0	InterVar: Benign PVS1=0 PS=[0, 0, 0, 0, 0] PM=[0, 0, 0, 0, 0, 0, 0] PP=[0, 0, 0, 0, 0, 0] BA1=1 BS=[1, 0, 0, 0, 0] BP=[0, 0, 0, 0, 0, 0, 0, 0]	No	Benign
chr17-283203-C-G	RPH3AL	PASS	PASS	PASS	0	InterVar: Benign PVS1=0 PS=[0, 0, 0, 0, 0] PM=[0, 0, 0, 0, 0, 0, 0] PP=[0, 0, 0, 0, 0, 0] BA1=1 BS=[1, 0, 0, 0, 0] BP=[0, 0, 0, 0, 0, 0, 0, 0]	No	Benign
chr17-283320-G-A	RPH3AL	FAIL	PASS	PASS	0	InterVar: Benign PVS1=0 PS=[0, 0, 0, 0, 0] PM=[0, 0, 0, 0, 0, 0, 0] PP=[0, 0, 0, 0, 0, 0] BA1=1 BS=[1, 0, 0, 0, 0] BP=[0, 0, 0, 0, 0, 0, 0, 0]	No	Benign
chr17-283342-T-C	RPH3AL	PASS	PASS	PASS	0	InterVar: Benign PVS1=0 PS=[0, 0, 0, 0, 0] PM=[0, 0, 0, 0, 0, 0, 0] PP=[0, 0, 0, 0, 0, 0] BA1=1 BS=[1, 0, 0, 0, 0] BP=[0, 0, 0, 0, 0, 0, 0, 0]	No	Benign
chr17-283601-C-G	RPH3AL	FAIL	PASS	PASS	0	InterVar: Benign PVS1=0 PS=[0, 0, 0, 0, 0] PM=[0, 0, 0, 0, 0, 0, 0] PP=[0, 0, 0, 0, 0, 0] BA1=1 BS=[1, 0, 0, 0, 0] BP=[0, 0, 0, 0, 0, 0, 0, 0]	No	Benign
chr17-283988-C-T	RPH3AL	FAIL	PASS	PASS	0	InterVar: Benign PVS1=0 PS=[0, 0, 0, 0, 0] PM=[0, 0, 0, 0, 0, 0, 0] PP=[0, 0, 0, 0, 0, 0] BA1=1 BS=[1, 0, 0, 0, 0] BP=[0, 0, 0, 0, 0, 0, 0, 0]	No	Benign
chr17-284053-G-A	RPH3AL	PASS	PASS	PASS	0	InterVar: Benign PVS1=0 PS=[0, 0, 0, 0, 0] PM=[0, 0, 0, 0, 0, 0, 0] PP=[0, 0, 0, 0, 0, 0] BA1=1 BS=[1, 0, 0, 0, 0] BP=[0, 0, 0, 0, 0, 0, 0, 0]	No	Benign
chr17-284110-T-C	RPH3AL	PASS	PASS	PASS	0	InterVar: Benign PVS1=0 PS=[0, 0, 0, 0, 0] PM=[0, 0, 0, 0, 0, 0, 0] PP=[0, 0, 0, 0, 0, 0] BA1=1 BS=[1, 0, 0, 0, 0] BP=[0, 0, 0, 0, 0, 0, 0, 0]	No	Benign
chr17-284391-G-A	RPH3AL	PASS	PASS	PASS	0	InterVar: Benign PVS1=0 PS=[0, 0, 0, 0, 0] PM=[0, 0, 0, 0, 0, 0, 0] PP=[0, 0, 0, 0, 0, 0] BA1=1 BS=[1, 0, 0, 0, 0] BP=[0, 0, 0, 0, 0, 0, 0, 0]	No	Benign
chr17-284631-G-A	RPH3AL	PASS	PASS	PASS	0	InterVar: Benign PVS1=0 PS=[0, 0, 0, 0, 0] PM=[0, 0, 0, 0, 0, 0, 0] PP=[0, 0, 0, 0, 0, 0] BA1=1 BS=[1, 0, 0, 0, 0] BP=[0, 0, 0, 0, 0, 0, 0, 0]	No	Benign
chr17-284640-T-C	RPH3AL	PASS	PASS	PASS	0	InterVar: Benign PVS1=0 PS=[0, 0, 0, 0, 0] PM=[0, 0, 0, 0, 0, 0, 0] PP=[0, 0, 0, 0, 0, 0] BA1=1 BS=[1, 0, 0, 0, 0] BP=[0, 0, 0, 0, 0, 0, 0, 0]	No	Benign
chr17-285289-G-A	RPH3AL	FAIL	PASS	PASS	0	InterVar: Benign PVS1=0 PS=[0, 0, 0, 0, 0] PM=[0, 0, 0, 0, 0, 0, 0] PP=[0, 0, 0, 0, 0, 0] BA1=1 BS=[1, 0, 0, 0, 0] BP=[0, 0, 0, 0, 0, 0, 0, 0]	No	Benign
chr17-285307-T-C	RPH3AL	PASS	PASS	PASS	0	InterVar: Benign PVS1=0 PS=[0, 0, 0, 0, 0] PM=[0, 0, 0, 0, 0, 0, 0] PP=[0, 0, 0, 0, 0, 0] BA1=1 BS=[1, 0, 0, 0, 0] BP=[0, 0, 0, 0, 0, 0, 0, 0]	No	Benign
chr17-285336-T-C	RPH3AL	PASS	PASS	PASS	0	InterVar: Benign PVS1=0 PS=[0, 0, 0, 0, 0] PM=[0, 0, 0, 0, 0, 0, 0] PP=[0, 0, 0, 0, 0, 0] BA1=1 BS=[1, 0, 0, 0, 0] BP=[0, 0, 0, 0, 0, 0, 0, 0]	No	Benign
chr17-285733-G-A	RPH3AL	FAIL	PASS	PASS	0	InterVar: Benign PVS1=0 PS=[0, 0, 0, 0, 0] PM=[0, 0, 0, 0, 0, 0, 0] PP=[0, 0, 0, 0, 0, 0] BA1=1 BS=[1, 0, 0, 0, 0] BP=[0, 0, 0, 0, 0, 0, 0, 0]	No	Benign
chr17-286199-G-A	RPH3AL	PASS	PASS	PASS	0	InterVar: Benign PVS1=0 PS=[0, 0, 0, 0, 0] PM=[0, 0, 0, 0, 0, 0, 0] PP=[0, 0, 0, 0, 0, 0] BA1=1 BS=[1, 0, 0, 0, 0] BP=[0, 0, 0, 0, 0, 0, 0, 0]	No	Benign
chr17-286376-G-A	RPH3AL	PASS	PASS	PASS	0	InterVar: Benign PVS1=0 PS=[0, 0, 0, 0, 0] PM=[0, 0, 0, 0, 0, 0, 0] PP=[0, 0, 0, 0, 0, 0] BA1=1 BS=[1, 0, 0, 0, 0] BP=[0, 0, 0, 0, 0, 0, 0, 0]	No	Benign
chr17-286584-G-C	RPH3AL	PASS	PASS	PASS	0	InterVar: Benign PVS1=0 PS=[0, 0, 0, 0, 0] PM=[0, 0, 0, 0, 0, 0, 0] PP=[0, 0, 0, 0, 0, 0] BA1=1 BS=[1, 0, 0, 0, 0] BP=[0, 0, 0, 0, 0, 0, 0, 0]	No	Benign
chr17-286606-A-G	RPH3AL	PASS	PASS	PASS	0	InterVar: Benign PVS1=0 PS=[0, 0, 0, 0, 0] PM=[0, 0, 0, 0, 0, 0, 0] PP=[0, 0, 0, 0, 0, 0] BA1=1 BS=[1, 0, 0, 0, 0] BP=[0, 0, 0, 0, 0, 0, 0, 0]	No	Benign
chr17-286673-C-G	RPH3AL	PASS	PASS	PASS	0	InterVar: Benign PVS1=0 PS=[0, 0, 0, 0, 0] PM=[0, 0, 0, 0, 0, 0, 0] PP=[0, 0, 0, 0, 0, 0] BA1=1 BS=[1, 0, 0, 0, 0] BP=[0, 0, 0, 0, 0, 0, 0, 0]	No	Benign
chr17-286847-G-T	RPH3AL	PASS	PASS	PASS	0	InterVar: Benign PVS1=0 PS=[0, 0, 0, 0, 0] PM=[0, 0, 0, 0, 0, 0, 0] PP=[0, 0, 0, 0, 0, 0] BA1=1 BS=[1, 0, 0, 0, 0] BP=[0, 0, 0, 0, 0, 0, 0, 0]	No	Benign
chr17-286907-G-C	RPH3AL	PASS	PASS	PASS	0	InterVar: Benign PVS1=0 PS=[0, 0, 0, 0, 0] PM=[0, 0, 0, 0, 0, 0, 0] PP=[0, 0, 0, 0, 0, 0] BA1=1 BS=[1, 0, 0, 0, 0] BP=[0, 0, 0, 0, 0, 0, 0, 0]	No	Benign
chr17-286913-T-TCTCTCTCCACCATCAGACCTCGCACC	NA	FAIL	PASS	PASS	0	NA	NA	NA
chr17-286925-G-A	RPH3AL	FAIL	FAIL	PASS	0	InterVar: Benign PVS1=0 PS=[0, 0, 0, 0, 0] PM=[0, 0, 0, 0, 0, 0, 0] PP=[0, 0, 0, 0, 0, 0] BA1=1 BS=[1, 0, 0, 0, 0] BP=[0, 0, 0, 0, 0, 0, 0, 0]	No	Benign
chr17-286939-C-T	RPH3AL	FAIL	FAIL	PASS	0	InterVar: Benign PVS1=0 PS=[0, 0, 0, 0, 0] PM=[0, 0, 0, 0, 0, 0, 0] PP=[0, 0, 0, 0, 0, 0] BA1=1 BS=[1, 0, 0, 0, 0] BP=[0, 0, 0, 0, 0, 0, 0, 0]	No	Benign
chr17-286941-T-C	RPH3AL	NA	FAIL	PASS	0	InterVar: Benign PVS1=0 PS=[0, 0, 0, 0, 0] PM=[0, 0, 0, 0, 0, 0, 0] PP=[0, 0, 0, 0, 0, 0] BA1=1 BS=[1, 0, 0, 0, 0] BP=[0, 0, 0, 0, 0, 0, 0, 0]	No	Benign
chr17-286953-G-A	RPH3AL	PASS	FAIL	PASS	0	InterVar: Benign PVS1=0 PS=[0, 0, 0, 0, 0] PM=[0, 0, 0, 0, 0, 0, 0] PP=[0, 0, 0, 0, 0, 0] BA1=1 BS=[1, 0, 0, 0, 0] BP=[0, 0, 0, 0, 0, 0, 0, 0]	No	Benign
chr17-287071-T-A	RPH3AL	NA	FAIL	PASS	0	InterVar: Benign PVS1=0 PS=[0, 0, 0, 0, 0] PM=[0, 0, 0, 0, 0, 0, 0] PP=[0, 0, 0, 0, 0, 0] BA1=1 BS=[1, 0, 0, 0, 0] BP=[0, 0, 0, 0, 0, 0, 0, 0]	No	Benign
chr17-289254-C-T	RPH3AL	FAIL	PASS	PASS	0	InterVar: Benign PVS1=0 PS=[0, 0, 0, 0, 0] PM=[0, 0, 0, 0, 0, 0, 0] PP=[0, 0, 0, 0, 0, 0] BA1=1 BS=[1, 0, 0, 0, 0] BP=[0, 0, 0, 0, 0, 0, 0, 0]	No	Benign
chr17-289543-T-C	RPH3AL	PASS	PASS	PASS	0	InterVar: Benign PVS1=0 PS=[0, 0, 0, 0, 0] PM=[0, 0, 0, 0, 0, 0, 0] PP=[0, 0, 0, 0, 0, 0] BA1=1 BS=[1, 0, 0, 0, 0] BP=[0, 0, 0, 0, 0, 0, 0, 0]	No	Benign
chr17-289566-A-T	RPH3AL	PASS	PASS	PASS	0	InterVar: Benign PVS1=0 PS=[0, 0, 0, 0, 0] PM=[0, 0, 0, 0, 0, 0, 0] PP=[0, 0, 0, 0, 0, 0] BA1=1 BS=[1, 0, 0, 0, 0] BP=[0, 0, 0, 0, 0, 0, 0, 0]	No	Benign
chr17-289956-C-G	RPH3AL	PASS	PASS	PASS	0	InterVar: Benign PVS1=0 PS=[0, 0, 0, 0, 0] PM=[0, 0, 0, 0, 0, 0, 0] PP=[0, 0, 0, 0, 0, 0] BA1=1 BS=[1, 0, 0, 0, 0] BP=[0, 0, 0, 0, 0, 0, 0, 0]	No	Benign
chr17-290062-A-T	RPH3AL	PASS	PASS	PASS	0	InterVar: Benign PVS1=0 PS=[0, 0, 0, 0, 0] PM=[0, 0, 0, 0, 0, 0, 0] PP=[0, 0, 0, 0, 0, 0] BA1=1 BS=[1, 0, 0, 0, 0] BP=[0, 0, 0, 0, 0, 0, 0, 0]	No	Benign
chr17-290241-T-C	RPH3AL	PASS	PASS	PASS	0	InterVar: Benign PVS1=0 PS=[0, 0, 0, 0, 0] PM=[0, 0, 0, 0, 0, 0, 0] PP=[0, 0, 0, 0, 0, 0] BA1=1 BS=[1, 0, 0, 0, 0] BP=[0, 0, 0, 0, 0, 0, 0, 0]	No	Benign
chr17-290279-A-G	RPH3AL	PASS	PASS	PASS	0	InterVar: Benign PVS1=0 PS=[0, 0, 0, 0, 0] PM=[0, 0, 0, 0, 0, 0, 0] PP=[0, 0, 0, 0, 0, 0] BA1=1 BS=[1, 0, 0, 0, 0] BP=[0, 0, 0, 0, 0, 0, 0, 0]	No	Benign
chr17-290910-T-C	RPH3AL	PASS	PASS	PASS	0	InterVar: Benign PVS1=0 PS=[0, 0, 0, 0, 0] PM=[0, 0, 0, 0, 0, 0, 0] PP=[0, 0, 0, 0, 0, 0] BA1=1 BS=[1, 0, 0, 0, 0] BP=[0, 0, 0, 0, 0, 0, 0, 0]	No	Benign
chr17-291222-A-G	RPH3AL	PASS	PASS	PASS	0	InterVar: Benign PVS1=0 PS=[0, 0, 0, 0, 0] PM=[0, 0, 0, 0, 0, 0, 0] PP=[0, 0, 0, 0, 0, 0] BA1=1 BS=[1, 0, 0, 0, 0] BP=[0, 0, 0, 0, 0, 0, 0, 0]	No	Benign
chr17-291244-T-C	RPH3AL	PASS	PASS	PASS	0	InterVar: Benign PVS1=0 PS=[0, 0, 0, 0, 0] PM=[0, 0, 0, 0, 0, 0, 0] PP=[0, 0, 0, 0, 0, 0] BA1=1 BS=[1, 0, 0, 0, 0] BP=[0, 0, 0, 0, 0, 0, 0, 0]	No	Benign
chr17-291359-A-G	RPH3AL	PASS	PASS	PASS	0	InterVar: Benign PVS1=0 PS=[0, 0, 0, 0, 0] PM=[0, 0, 0, 0, 0, 0, 0] PP=[0, 0, 0, 0, 0, 0] BA1=1 BS=[1, 0, 0, 0, 0] BP=[0, 0, 0, 0, 0, 0, 0, 0]	No	Benign
chr17-292131-T-G	RPH3AL	PASS	PASS	PASS	0	InterVar: Benign PVS1=0 PS=[0, 0, 0, 0, 0] PM=[0, 0, 0, 0, 0, 0, 0] PP=[0, 0, 0, 0, 0, 0] BA1=1 BS=[1, 0, 0, 0, 0] BP=[0, 0, 0, 0, 0, 0, 0, 0]	No	Benign
chr17-293477-C-G	RPH3AL	PASS	FAIL	PASS	0	InterVar: Benign PVS1=0 PS=[0, 0, 0, 0, 0] PM=[0, 0, 0, 0, 0, 0, 0] PP=[0, 0, 0, 0, 0, 0] BA1=1 BS=[1, 0, 0, 0, 0] BP=[0, 0, 0, 0, 0, 0, 0, 0]	No	Benign
chr17-293751-G-A	RPH3AL	PASS	PASS	PASS	0	InterVar: Benign PVS1=0 PS=[0, 0, 0, 0, 0] PM=[0, 0, 0, 0, 0, 0, 0] PP=[0, 0, 0, 0, 0, 0] BA1=1 BS=[1, 0, 0, 0, 0] BP=[0, 0, 0, 0, 0, 0, 0, 0]	No	Benign
chr17-293754-C-T	RPH3AL	PASS	PASS	PASS	0	InterVar: Benign PVS1=0 PS=[0, 0, 0, 0, 0] PM=[0, 0, 0, 0, 0, 0, 0] PP=[0, 0, 0, 0, 0, 0] BA1=1 BS=[1, 0, 0, 0, 0] BP=[0, 0, 0, 0, 0, 0, 0, 0]	No	Benign
chr17-293891-C-T	RPH3AL	PASS	PASS	PASS	0	InterVar: Benign PVS1=0 PS=[0, 0, 0, 0, 0] PM=[0, 0, 0, 0, 0, 0, 0] PP=[0, 0, 0, 0, 0, 0] BA1=1 BS=[1, 0, 0, 0, 0] BP=[0, 0, 0, 0, 0, 0, 0, 0]	No	Benign
chr17-293905-C-T	RPH3AL	PASS	PASS	PASS	0	InterVar: Benign PVS1=0 PS=[0, 0, 0, 0, 0] PM=[0, 0, 0, 0, 0, 0, 0] PP=[0, 0, 0, 0, 0, 0] BA1=1 BS=[1, 0, 0, 0, 0] BP=[0, 0, 0, 0, 0, 0, 0, 0]	No	Benign
chr17-294041-A-T	RPH3AL	PASS	PASS	PASS	0	InterVar: Benign PVS1=0 PS=[0, 0, 0, 0, 0] PM=[0, 0, 0, 0, 0, 0, 0] PP=[0, 0, 0, 0, 0, 0] BA1=1 BS=[1, 0, 0, 0, 0] BP=[0, 0, 0, 0, 0, 0, 0, 0]	No	Benign
chr17-294081-G-T	RPH3AL	PASS	PASS	PASS	0	InterVar: Benign PVS1=0 PS=[0, 0, 0, 0, 0] PM=[0, 0, 0, 0, 0, 0, 0] PP=[0, 0, 0, 0, 0, 0] BA1=1 BS=[1, 0, 0, 0, 0] BP=[0, 0, 0, 0, 0, 0, 0, 0]	No	Benign
chr17-294154-G-T	RPH3AL	PASS	PASS	PASS	0	InterVar: Benign PVS1=0 PS=[0, 0, 0, 0, 0] PM=[0, 0, 0, 0, 0, 0, 0] PP=[0, 0, 0, 0, 0, 0] BA1=1 BS=[1, 0, 0, 0, 0] BP=[0, 0, 0, 0, 0, 0, 0, 0]	No	Benign
chr17-294329-T-C	RPH3AL	FAIL	PASS	PASS	0	InterVar: Benign PVS1=0 PS=[0, 0, 0, 0, 0] PM=[0, 0, 0, 0, 0, 0, 0] PP=[0, 0, 0, 0, 0, 0] BA1=1 BS=[1, 0, 0, 0, 0] BP=[0, 0, 0, 0, 0, 0, 0, 0]	No	Benign
chr17-294657-A-AT	NA	NA	FAIL	PASS	0	NA	NA	NA
chr17-295300-C-T	RPH3AL	NA	PASS	PASS	0	InterVar: Benign PVS1=0 PS=[0, 0, 0, 0, 0] PM=[0, 0, 0, 0, 0, 0, 0] PP=[0, 0, 0, 0, 0, 0] BA1=1 BS=[1, 0, 0, 0, 0] BP=[0, 0, 0, 0, 0, 0, 0, 0]	No	Benign
chr17-295365-G-A	RPH3AL	FAIL	PASS	FAIL	0	InterVar: Uncertain significance PVS1=0 PS=[0, 0, 0, 0, 0] PM=[0, 0, 0, 0, 0, 0, 0] PP=[0, 0, 0, 0, 0, 0] BA1=0 BS=[1, 0, 0, 0, 0] BP=[0, 0, 0, 0, 0, 0, 0, 0]	No	Uncertain significance
chr17-295810-A-T	RPH3AL	NA	FAIL	PASS	0	InterVar: Benign PVS1=0 PS=[0, 0, 0, 0, 0] PM=[0, 0, 0, 0, 0, 0, 0] PP=[0, 0, 0, 0, 0, 0] BA1=1 BS=[1, 0, 0, 0, 0] BP=[0, 0, 0, 0, 0, 0, 0, 0]	No	Benign
chr17-296156-G-A	RPH3AL	NA	FAIL	PASS	0	InterVar: Benign PVS1=0 PS=[0, 0, 0, 0, 0] PM=[0, 0, 0, 0, 0, 0, 0] PP=[0, 0, 0, 0, 0, 0] BA1=1 BS=[1, 0, 0, 0, 0] BP=[0, 0, 0, 0, 0, 0, 0, 0]	No	Benign
chr17-297092-A-G	RPH3AL	PASS	PASS	PASS	0	InterVar: Benign PVS1=0 PS=[0, 0, 0, 0, 0] PM=[0, 0, 0, 0, 0, 0, 0] PP=[0, 0, 0, 0, 0, 0] BA1=1 BS=[1, 0, 0, 0, 0] BP=[0, 0, 0, 0, 0, 0, 0, 0]	No	Benign
chr17-297477-T-C	RPH3AL	PASS	FAIL	PASS	0	InterVar: Benign PVS1=0 PS=[0, 0, 0, 0, 0] PM=[0, 0, 0, 0, 0, 0, 0] PP=[0, 0, 0, 0, 0, 0] BA1=1 BS=[1, 0, 0, 0, 0] BP=[0, 0, 0, 0, 0, 0, 0, 0]	No	Benign
chr17-298435-C-G	RPH3AL	PASS	PASS	PASS	0	InterVar: Benign PVS1=0 PS=[0, 0, 0, 0, 0] PM=[0, 0, 0, 0, 0, 0, 0] PP=[0, 0, 0, 0, 0, 0] BA1=1 BS=[1, 0, 0, 0, 0] BP=[0, 0, 0, 0, 0, 0, 0, 0]	No	Benign
chr17-298542-C-CA	NA	PASS	PASS	PASS	0	NA	NA	NA
chr17-298696-T-C	RPH3AL	PASS	PASS	PASS	0	InterVar: Benign PVS1=0 PS=[0, 0, 0, 0, 0] PM=[0, 0, 0, 0, 0, 0, 0] PP=[0, 0, 0, 0, 0, 0] BA1=1 BS=[1, 0, 0, 0, 0] BP=[0, 0, 0, 0, 0, 0, 0, 0]	No	Benign
chr17-298712-A-AAC	NA	PASS	PASS	PASS	0	NA	NA	NA
chr17-298720-C-T	RPH3AL	PASS	PASS	PASS	0	InterVar: Benign PVS1=0 PS=[0, 0, 0, 0, 0] PM=[0, 0, 0, 0, 0, 0, 0] PP=[0, 0, 0, 0, 0, 0] BA1=1 BS=[1, 0, 0, 0, 0] BP=[0, 0, 0, 0, 0, 0, 0, 0]	No	Benign
chr17-298796-G-A	RPH3AL	PASS	PASS	PASS	0	InterVar: Benign PVS1=0 PS=[0, 0, 0, 0, 0] PM=[0, 0, 0, 0, 0, 0, 0] PP=[0, 0, 0, 0, 0, 0] BA1=1 BS=[1, 0, 0, 0, 0] BP=[0, 0, 0, 0, 0, 0, 0, 0]	No	Benign
chr17-299311-T-A	RPH3AL	PASS	PASS	PASS	0	InterVar: Benign PVS1=0 PS=[0, 0, 0, 0, 0] PM=[0, 0, 0, 0, 0, 0, 0] PP=[0, 0, 0, 0, 0, 0] BA1=1 BS=[1, 0, 0, 0, 0] BP=[0, 0, 0, 0, 0, 0, 0, 0]	No	Benign
chr17-299381-A-G	RPH3AL	PASS	PASS	PASS	0	InterVar: Benign PVS1=0 PS=[0, 0, 0, 0, 0] PM=[0, 0, 0, 0, 0, 0, 0] PP=[0, 0, 0, 0, 0, 0] BA1=1 BS=[1, 0, 0, 0, 0] BP=[0, 0, 0, 0, 0, 0, 0, 0]	No	Benign
chr17-299423-T-C	RPH3AL	PASS	PASS	PASS	0	InterVar: Benign PVS1=0 PS=[0, 0, 0, 0, 0] PM=[0, 0, 0, 0, 0, 0, 0] PP=[0, 0, 0, 0, 0, 0] BA1=1 BS=[1, 0, 0, 0, 0] BP=[0, 0, 0, 0, 0, 0, 0, 0]	No	Benign
chr17-299726-G-A	RPH3AL	PASS	PASS	PASS	0	InterVar: Benign PVS1=0 PS=[0, 0, 0, 0, 0] PM=[0, 0, 0, 0, 0, 0, 0] PP=[0, 0, 0, 0, 0, 0] BA1=1 BS=[1, 0, 0, 0, 0] BP=[0, 0, 0, 0, 0, 0, 0, 0]	No	Benign
chr17-299792-G-A	RPH3AL	PASS	PASS	PASS	0	InterVar: Benign PVS1=0 PS=[0, 0, 0, 0, 0] PM=[0, 0, 0, 0, 0, 0, 0] PP=[0, 0, 0, 0, 0, 0] BA1=1 BS=[1, 0, 0, 0, 0] BP=[0, 0, 0, 0, 0, 0, 0, 0]	No	Benign
chr17-299805-C-T	RPH3AL	FAIL	PASS	PASS	0	InterVar: Benign PVS1=0 PS=[0, 0, 0, 0, 0] PM=[0, 0, 0, 0, 0, 0, 0] PP=[0, 0, 0, 0, 0, 0] BA1=1 BS=[1, 0, 0, 0, 0] BP=[0, 0, 0, 0, 0, 0, 0, 0]	No	Benign
chr17-299875-G-A	RPH3AL	PASS	PASS	PASS	0	InterVar: Benign PVS1=0 PS=[0, 0, 0, 0, 0] PM=[0, 0, 0, 0, 0, 0, 0] PP=[0, 0, 0, 0, 0, 0] BA1=1 BS=[1, 0, 0, 0, 0] BP=[0, 0, 0, 0, 0, 0, 0, 0]	No	Benign
chr17-300024-C-T	RPH3AL	PASS	FAIL	PASS	0	InterVar: Benign PVS1=0 PS=[0, 0, 0, 0, 0] PM=[0, 0, 0, 0, 0, 0, 0] PP=[0, 0, 0, 0, 0, 0] BA1=1 BS=[1, 0, 0, 0, 0] BP=[0, 0, 0, 0, 0, 0, 0, 0]	No	Benign
chr17-300037-A-C	RPH3AL	FAIL	FAIL	PASS	0	InterVar: Benign PVS1=0 PS=[0, 0, 0, 0, 0] PM=[0, 0, 0, 0, 0, 0, 0] PP=[0, 0, 0, 0, 0, 0] BA1=1 BS=[1, 0, 0, 0, 0] BP=[0, 0, 0, 0, 0, 0, 0, 0]	No	Benign
chr17-301003-T-C	RPH3AL	PASS	PASS	PASS	0	InterVar: Benign PVS1=0 PS=[0, 0, 0, 0, 0] PM=[0, 0, 0, 0, 0, 0, 0] PP=[0, 0, 0, 0, 0, 0] BA1=1 BS=[1, 0, 0, 0, 0] BP=[0, 0, 0, 0, 0, 0, 0, 0]	No	Benign
chr17-301557-G-T	RPH3AL	FAIL	PASS	PASS	0	InterVar: Benign PVS1=0 PS=[0, 0, 0, 0, 0] PM=[0, 0, 0, 0, 0, 0, 0] PP=[0, 0, 0, 0, 0, 0] BA1=1 BS=[1, 0, 0, 0, 0] BP=[0, 0, 0, 0, 0, 0, 0, 0]	No	Benign
chr17-301589-A-C	RPH3AL	PASS	PASS	PASS	0	InterVar: Benign PVS1=0 PS=[0, 0, 0, 0, 0] PM=[0, 0, 0, 0, 0, 0, 0] PP=[0, 0, 0, 0, 0, 0] BA1=1 BS=[1, 0, 0, 0, 0] BP=[0, 0, 0, 0, 0, 0, 0, 0]	No	Benign
chr17-301865-A-T	RPH3AL	PASS	PASS	PASS	0	InterVar: Benign PVS1=0 PS=[0, 0, 0, 0, 0] PM=[0, 0, 0, 0, 0, 0, 0] PP=[0, 0, 0, 0, 0, 0] BA1=1 BS=[1, 0, 0, 0, 0] BP=[0, 0, 0, 0, 0, 0, 0, 0]	No	Benign
chr17-302495-C-G	RPH3AL	PASS	PASS	PASS	0	InterVar: Benign PVS1=0 PS=[0, 0, 0, 0, 0] PM=[0, 0, 0, 0, 0, 0, 0] PP=[0, 0, 0, 0, 0, 0] BA1=1 BS=[1, 0, 0, 0, 0] BP=[0, 0, 0, 0, 0, 0, 0, 0]	No	Benign
chr17-302571-C-T	RPH3AL	PASS	PASS	PASS	0	InterVar: Benign PVS1=0 PS=[0, 0, 0, 0, 0] PM=[0, 0, 0, 0, 0, 0, 0] PP=[0, 0, 0, 0, 0, 0] BA1=1 BS=[1, 0, 0, 0, 0] BP=[0, 0, 0, 0, 0, 0, 0, 0]	No	Benign
chr17-302875-G-C	RPH3AL	FAIL	PASS	PASS	0	InterVar: Benign PVS1=0 PS=[0, 0, 0, 0, 0] PM=[0, 0, 0, 0, 0, 0, 0] PP=[0, 0, 0, 0, 0, 0] BA1=1 BS=[1, 0, 0, 0, 0] BP=[0, 0, 0, 0, 0, 0, 0, 0]	No	Benign
chr17-303350-C-T	RPH3AL	FAIL	PASS	PASS	0	InterVar: Uncertain significance PVS1=0 PS=[0, 0, 0, 0, 0] PM=[0, 0, 0, 0, 0, 0, 0] PP=[0, 0, 0, 0, 0, 0] BA1=0 BS=[0, 0, 0, 0, 0] BP=[0, 0, 0, 0, 0, 0, 0, 0]	No	Uncertain significance
chr17-303377-C-T	RPH3AL	PASS	PASS	PASS	0	InterVar: Benign PVS1=0 PS=[0, 0, 0, 0, 0] PM=[0, 0, 0, 0, 0, 0, 0] PP=[0, 0, 0, 0, 0, 0] BA1=1 BS=[1, 0, 0, 0, 0] BP=[0, 0, 0, 0, 0, 0, 0, 0]	No	Benign
chr17-304433-G-A	RPH3AL	PASS	PASS	PASS	0	InterVar: Benign PVS1=0 PS=[0, 0, 0, 0, 0] PM=[0, 0, 0, 0, 0, 0, 0] PP=[0, 0, 0, 0, 0, 0] BA1=1 BS=[1, 0, 0, 0, 0] BP=[0, 0, 0, 0, 0, 0, 0, 0]	No	Benign
chr17-304650-A-G	RPH3AL	PASS	PASS	PASS	0	InterVar: Benign PVS1=1 PS=[0, 0, 0, 0, 0] PM=[0, 0, 0, 0, 0, 0, 0] PP=[0, 0, 0, 0, 0, 0] BA1=1 BS=[1, 0, 0, 0, 0] BP=[0, 0, 0, 0, 0, 0, 0, 0]	Yes	Benign
chr17-304675-G-A	RPH3AL	FAIL	PASS	PASS	0	InterVar: Uncertain significance PVS1=0 PS=[0, 0, 0, 0, 0] PM=[0, 0, 0, 0, 0, 0, 0] PP=[0, 0, 0, 0, 0, 0] BA1=0 BS=[0, 0, 0, 0, 0] BP=[0, 0, 0, 0, 0, 0, 0, 0]	No	Uncertain significance
chr17-304914-C-T	RPH3AL	PASS	PASS	PASS	0	InterVar: Benign PVS1=0 PS=[0, 0, 0, 0, 0] PM=[0, 0, 0, 0, 0, 0, 0] PP=[0, 0, 0, 0, 0, 0] BA1=1 BS=[1, 0, 0, 0, 0] BP=[0, 0, 0, 0, 0, 0, 0, 0]	No	Benign
chr17-304932-A-G	RPH3AL	PASS	FAIL	PASS	0	InterVar: Benign PVS1=0 PS=[0, 0, 0, 0, 0] PM=[0, 0, 0, 0, 0, 0, 0] PP=[0, 0, 0, 0, 0, 0] BA1=1 BS=[1, 0, 0, 0, 0] BP=[0, 0, 0, 0, 0, 0, 0, 0]	No	Benign
chr17-305306-C-A	RPH3AL	PASS	PASS	PASS	0	InterVar: Benign PVS1=0 PS=[0, 0, 0, 0, 0] PM=[0, 0, 0, 0, 0, 0, 0] PP=[0, 0, 0, 0, 0, 0] BA1=1 BS=[1, 0, 0, 0, 0] BP=[0, 0, 0, 0, 0, 0, 0, 0]	No	Benign
chr17-305407-G-T	RPH3AL	PASS	PASS	PASS	0	InterVar: Benign PVS1=0 PS=[0, 0, 0, 0, 0] PM=[0, 0, 0, 0, 0, 0, 0] PP=[0, 0, 0, 0, 0, 0] BA1=1 BS=[1, 0, 0, 0, 0] BP=[0, 0, 0, 0, 0, 0, 0, 0]	No	Benign
chr17-305703-T-C	RPH3AL	PASS	PASS	PASS	0	InterVar: Benign PVS1=0 PS=[0, 0, 0, 0, 0] PM=[0, 0, 0, 0, 0, 0, 0] PP=[0, 0, 0, 0, 0, 0] BA1=1 BS=[1, 0, 0, 0, 0] BP=[0, 0, 0, 0, 0, 0, 0, 0]	No	Benign
chr17-305847-T-C	RPH3AL	NA	PASS	FAIL	0	InterVar: Uncertain significance PVS1=0 PS=[0, 0, 0, 0, 0] PM=[0, 0, 0, 0, 0, 0, 0] PP=[0, 0, 0, 0, 0, 0] BA1=0 BS=[0, 0, 0, 0, 0] BP=[0, 0, 0, 0, 0, 0, 0, 0]	No	Uncertain significance
chr17-305851-T-C	RPH3AL	NA	PASS	FAIL	0	InterVar: Uncertain significance PVS1=0 PS=[0, 0, 0, 0, 0] PM=[0, 0, 0, 0, 0, 0, 0] PP=[0, 0, 0, 0, 0, 0] BA1=0 BS=[1, 0, 0, 0, 0] BP=[0, 0, 0, 0, 0, 0, 0, 0]	No	Uncertain significance
chr17-305855-T-C	RPH3AL	NA	PASS	FAIL	0	InterVar: Uncertain significance PVS1=0 PS=[0, 0, 0, 0, 0] PM=[0, 0, 0, 0, 0, 0, 0] PP=[0, 0, 0, 0, 0, 0] BA1=0 BS=[0, 0, 0, 0, 0] BP=[0, 0, 0, 0, 0, 0, 0, 0]	No	Uncertain significance
chr17-305859-T-C	RPH3AL	NA	PASS	FAIL	0	InterVar: Uncertain significance PVS1=0 PS=[0, 0, 0, 0, 0] PM=[0, 0, 0, 0, 0, 0, 0] PP=[0, 0, 0, 0, 0, 0] BA1=0 BS=[0, 0, 0, 0, 0] BP=[0, 0, 0, 0, 0, 0, 0, 0]	No	Uncertain significance
chr17-305862-T-C	RPH3AL	NA	PASS	FAIL	0	InterVar: Uncertain significance PVS1=0 PS=[0, 0, 0, 0, 0] PM=[0, 0, 0, 0, 0, 0, 0] PP=[0, 0, 0, 0, 0, 0] BA1=0 BS=[0, 0, 0, 0, 0] BP=[0, 0, 0, 0, 0, 0, 0, 0]	No	Uncertain significance
chr17-306024-A-AT	NA	PASS	FAIL	PASS	0	NA	NA	NA
chr17-306310-C-G	RPH3AL	FAIL	PASS	PASS	0	InterVar: Benign PVS1=0 PS=[0, 0, 0, 0, 0] PM=[0, 0, 0, 0, 0, 0, 0] PP=[0, 0, 0, 0, 0, 0] BA1=1 BS=[1, 0, 0, 0, 0] BP=[0, 0, 0, 0, 0, 0, 0, 0]	No	Benign
chr17-307584-G-A	RPH3AL	FAIL	PASS	PASS	0	InterVar: Benign PVS1=0 PS=[0, 0, 0, 0, 0] PM=[0, 0, 0, 0, 0, 0, 0] PP=[0, 0, 0, 0, 0, 0] BA1=1 BS=[1, 0, 0, 0, 0] BP=[0, 0, 0, 0, 0, 0, 0, 0]	No	Benign
chr17-308486-G-A	RPH3AL	PASS	PASS	PASS	0	InterVar: Benign PVS1=0 PS=[0, 0, 0, 0, 0] PM=[0, 0, 0, 0, 0, 0, 0] PP=[0, 0, 0, 0, 0, 0] BA1=1 BS=[1, 0, 0, 0, 0] BP=[0, 0, 0, 0, 0, 0, 0, 0]	No	Benign
chr17-309451-A-G	RPH3AL	PASS	PASS	PASS	0	InterVar: Benign PVS1=0 PS=[0, 0, 0, 0, 0] PM=[0, 0, 0, 0, 0, 0, 0] PP=[0, 0, 0, 0, 0, 0] BA1=1 BS=[1, 0, 0, 0, 0] BP=[0, 0, 0, 0, 0, 0, 0, 0]	No	Benign
chr17-309625-A-G	RPH3AL	PASS	FAIL	PASS	0	InterVar: Benign PVS1=0 PS=[0, 0, 0, 0, 0] PM=[0, 0, 0, 0, 0, 0, 0] PP=[0, 0, 0, 0, 0, 0] BA1=1 BS=[1, 0, 0, 0, 0] BP=[0, 0, 0, 0, 0, 0, 0, 0]	No	Benign
chr17-310791-G-C	RPH3AL	FAIL	PASS	PASS	0	InterVar: Benign PVS1=0 PS=[0, 0, 0, 0, 0] PM=[0, 0, 0, 0, 0, 0, 0] PP=[0, 0, 0, 0, 0, 0] BA1=1 BS=[1, 0, 0, 0, 0] BP=[0, 0, 0, 0, 0, 0, 0, 0]	No	Benign
chr17-311645-A-G	RPH3AL	PASS	PASS	PASS	0	InterVar: Benign PVS1=0 PS=[0, 0, 0, 0, 0] PM=[0, 0, 0, 0, 0, 0, 0] PP=[0, 0, 0, 0, 0, 0] BA1=1 BS=[1, 0, 0, 0, 0] BP=[0, 0, 0, 0, 0, 0, 0, 0]	No	Benign
chr17-314675-T-C	RPH3AL	NA	PASS	FAIL	0	InterVar: Uncertain significance PVS1=0 PS=[0, 0, 0, 0, 0] PM=[0, 1, 0, 0, 0, 0, 0] PP=[0, 0, 0, 0, 0, 0] BA1=0 BS=[0, 0, 0, 0, 0] BP=[0, 0, 0, 0, 0, 0, 0, 0]	No	Uncertain significance
chr17-314711-G-GA	NA	FAIL	PASS	PASS	0	NA	NA	NA
chr17-314723-C-T	RPH3AL	PASS	PASS	FAIL	0	InterVar: Uncertain significance PVS1=0 PS=[0, 0, 0, 0, 0] PM=[0, 1, 0, 0, 0, 0, 0] PP=[0, 0, 0, 0, 0, 0] BA1=0 BS=[0, 0, 0, 0, 0] BP=[0, 0, 0, 0, 0, 0, 0, 0]	No	Uncertain significance
chr17-314728-C-CTTTAGTCCCTGTGACTCCACCTCCATTGATT	NA	NA	PASS	FAIL	0	NA	NA	NA
chr17-314736-T-C	RPH3AL	FAIL	PASS	PASS	0	InterVar: Uncertain significance PVS1=0 PS=[0, 0, 0, 0, 0] PM=[0, 1, 0, 0, 0, 0, 0] PP=[0, 0, 0, 0, 0, 0] BA1=0 BS=[0, 0, 0, 0, 0] BP=[0, 0, 0, 0, 0, 0, 0, 0]	No	Uncertain significance
chr17-314743-T-C	RPH3AL	NA	PASS	PASS	0	InterVar: Benign PVS1=0 PS=[0, 0, 0, 0, 0] PM=[0, 0, 0, 0, 0, 0, 0] PP=[0, 0, 0, 0, 0, 0] BA1=1 BS=[1, 0, 0, 0, 0] BP=[0, 0, 0, 0, 0, 0, 0, 0]	No	Benign
chr17-314822-T-C	RPH3AL	NA	PASS	PASS	0	InterVar: Benign PVS1=0 PS=[0, 0, 0, 0, 0] PM=[0, 0, 0, 0, 0, 0, 0] PP=[0, 0, 0, 0, 0, 0] BA1=1 BS=[1, 0, 0, 0, 0] BP=[0, 0, 0, 0, 0, 0, 0, 0]	No	Benign
chr17-314910-A-T	RPH3AL	NA	PASS	PASS	0	InterVar: Benign PVS1=0 PS=[0, 0, 0, 0, 0] PM=[0, 0, 0, 0, 0, 0, 0] PP=[0, 0, 0, 0, 0, 0] BA1=1 BS=[1, 0, 0, 0, 0] BP=[0, 0, 0, 0, 0, 0, 0, 0]	No	Benign
chr17-314922-G-A	RPH3AL	NA	PASS	PASS	0	InterVar: Benign PVS1=0 PS=[0, 0, 0, 0, 0] PM=[0, 0, 0, 0, 0, 0, 0] PP=[0, 0, 0, 0, 0, 0] BA1=1 BS=[1, 0, 0, 0, 0] BP=[0, 0, 0, 0, 0, 0, 0, 0]	No	Benign
chr17-314924-C-T	RPH3AL	NA	PASS	PASS	0	InterVar: Benign PVS1=0 PS=[0, 0, 0, 0, 0] PM=[0, 0, 0, 0, 0, 0, 0] PP=[0, 0, 0, 0, 0, 0] BA1=1 BS=[1, 0, 0, 0, 0] BP=[0, 0, 0, 0, 0, 0, 0, 0]	No	Benign
chr17-314929-C-G	RPH3AL	NA	PASS	PASS	0	InterVar: Uncertain significance PVS1=0 PS=[0, 0, 0, 0, 0] PM=[0, 0, 0, 0, 0, 0, 0] PP=[0, 0, 0, 0, 0, 0] BA1=0 BS=[1, 0, 0, 0, 0] BP=[0, 0, 0, 0, 0, 0, 0, 0]	No	Uncertain significance
chr17-315377-G-A	RPH3AL	FAIL	PASS	PASS	0	InterVar: Benign PVS1=0 PS=[0, 0, 0, 0, 0] PM=[0, 0, 0, 0, 0, 0, 0] PP=[0, 0, 0, 0, 0, 0] BA1=1 BS=[1, 0, 0, 0, 0] BP=[0, 0, 0, 0, 0, 0, 0, 0]	No	Benign
chr17-315409-G-A	RPH3AL	NA	PASS	PASS	0	InterVar: Benign PVS1=0 PS=[0, 0, 0, 0, 0] PM=[0, 0, 0, 0, 0, 0, 0] PP=[0, 0, 0, 0, 0, 0] BA1=1 BS=[1, 0, 0, 0, 0] BP=[0, 0, 0, 0, 0, 0, 0, 0]	No	Benign
chr17-315456-C-T	RPH3AL	NA	PASS	PASS	0	InterVar: Benign PVS1=0 PS=[0, 0, 0, 0, 0] PM=[0, 0, 0, 0, 0, 0, 0] PP=[0, 0, 0, 0, 0, 0] BA1=1 BS=[1, 0, 0, 0, 0] BP=[0, 0, 0, 0, 0, 0, 0, 0]	No	Benign
chr17-315472-T-C	RPH3AL	NA	PASS	PASS	0	InterVar: Benign PVS1=0 PS=[0, 0, 0, 0, 0] PM=[0, 0, 0, 0, 0, 0, 0] PP=[0, 0, 0, 0, 0, 0] BA1=1 BS=[1, 0, 0, 0, 0] BP=[0, 0, 0, 0, 0, 0, 0, 0]	No	Benign
chr17-315524-G-GTCCCTGTGACCCCACCTCCATTGACCTGTAA	NA	NA	PASS	FAIL	0	NA	NA	NA
chr17-315585-G-C	RPH3AL	NA	FAIL	PASS	0	InterVar: Benign PVS1=0 PS=[0, 0, 0, 0, 0] PM=[0, 0, 0, 0, 0, 0, 0] PP=[0, 0, 0, 0, 0, 0] BA1=1 BS=[1, 0, 0, 0, 0] BP=[0, 0, 0, 0, 0, 0, 0, 0]	No	Benign
chr17-315612-C-A	RPH3AL	NA	FAIL	PASS	0	InterVar: Uncertain significance PVS1=0 PS=[0, 0, 0, 0, 0] PM=[0, 1, 0, 0, 0, 0, 0] PP=[0, 0, 0, 0, 0, 0] BA1=0 BS=[0, 0, 0, 0, 0] BP=[0, 0, 0, 0, 0, 0, 0, 0]	No	Uncertain significance
chr17-315618-C-T	RPH3AL	NA	FAIL	PASS	0	InterVar: Benign PVS1=0 PS=[0, 0, 0, 0, 0] PM=[0, 0, 0, 0, 0, 0, 0] PP=[0, 0, 0, 0, 0, 0] BA1=1 BS=[1, 0, 0, 0, 0] BP=[0, 0, 0, 0, 0, 0, 0, 0]	No	Benign
chr17-315763-T-G	RPH3AL	NA	PASS	PASS	0	InterVar: Benign PVS1=0 PS=[0, 0, 0, 0, 0] PM=[0, 0, 0, 0, 0, 0, 0] PP=[0, 0, 0, 0, 0, 0] BA1=1 BS=[1, 0, 0, 0, 0] BP=[0, 0, 0, 0, 0, 0, 0, 0]	No	Benign
chr17-315774-G-C	RPH3AL	NA	PASS	PASS	0	InterVar: Benign PVS1=0 PS=[0, 0, 0, 0, 0] PM=[0, 0, 0, 0, 0, 0, 0] PP=[0, 0, 0, 0, 0, 0] BA1=1 BS=[1, 0, 0, 0, 0] BP=[0, 0, 0, 0, 0, 0, 0, 0]	No	Benign
chr17-315785-T-C	RPH3AL	NA	PASS	PASS	0	InterVar: Benign PVS1=0 PS=[0, 0, 0, 0, 0] PM=[0, 0, 0, 0, 0, 0, 0] PP=[0, 0, 0, 0, 0, 0] BA1=1 BS=[1, 0, 0, 0, 0] BP=[0, 0, 0, 0, 0, 0, 0, 0]	No	Benign
chr17-315794-G-T	RPH3AL	NA	PASS	PASS	0	InterVar: Benign PVS1=0 PS=[0, 0, 0, 0, 0] PM=[0, 0, 0, 0, 0, 0, 0] PP=[0, 0, 0, 0, 0, 0] BA1=1 BS=[1, 0, 0, 0, 0] BP=[0, 0, 0, 0, 0, 0, 0, 0]	No	Benign
chr17-315945-C-T	RPH3AL	PASS	FAIL	PASS	0	InterVar: Benign PVS1=0 PS=[0, 0, 0, 0, 0] PM=[0, 0, 0, 0, 0, 0, 0] PP=[0, 0, 0, 0, 0, 0] BA1=1 BS=[1, 0, 0, 0, 0] BP=[0, 0, 0, 0, 0, 0, 0, 0]	No	Benign
chr17-316107-T-C	RPH3AL	NA	PASS	FAIL	0	InterVar: Uncertain significance PVS1=0 PS=[0, 0, 0, 0, 0] PM=[0, 0, 0, 0, 0, 0, 0] PP=[0, 0, 0, 0, 0, 0] BA1=0 BS=[0, 0, 0, 0, 0] BP=[0, 0, 0, 0, 0, 0, 0, 0]	No	Uncertain significance
chr17-316110-C-G	RPH3AL	NA	PASS	FAIL	0	InterVar: Uncertain significance PVS1=0 PS=[0, 0, 0, 0, 0] PM=[0, 0, 0, 0, 0, 0, 0] PP=[0, 0, 0, 0, 0, 0] BA1=0 BS=[1, 0, 0, 0, 0] BP=[0, 0, 0, 0, 0, 0, 0, 0]	No	Uncertain significance
chr17-316459-C-T	RPH3AL	NA	PASS	PASS	0	InterVar: Benign PVS1=0 PS=[0, 0, 0, 0, 0] PM=[0, 0, 0, 0, 0, 0, 0] PP=[0, 0, 0, 0, 0, 0] BA1=1 BS=[1, 0, 0, 0, 0] BP=[0, 0, 0, 0, 0, 0, 0, 0]	No	Benign
chr17-316629-C-G	RPH3AL	FAIL	PASS	PASS	0	InterVar: Benign PVS1=0 PS=[0, 0, 0, 0, 0] PM=[0, 0, 0, 0, 0, 0, 0] PP=[0, 0, 0, 0, 0, 0] BA1=1 BS=[1, 0, 0, 0, 0] BP=[0, 0, 0, 0, 0, 0, 0, 0]	No	Benign
chr17-317393-G-C	RPH3AL	PASS	PASS	PASS	0	InterVar: Benign PVS1=0 PS=[0, 0, 0, 0, 0] PM=[0, 0, 0, 0, 0, 0, 0] PP=[0, 0, 0, 0, 0, 0] BA1=1 BS=[1, 0, 0, 0, 0] BP=[0, 0, 0, 0, 0, 0, 0, 0]	No	Benign
chr17-317608-T-A	RPH3AL	PASS	PASS	PASS	0	InterVar: Benign PVS1=0 PS=[0, 0, 0, 0, 0] PM=[0, 0, 0, 0, 0, 0, 0] PP=[0, 0, 0, 0, 0, 0] BA1=1 BS=[1, 0, 0, 0, 0] BP=[0, 0, 0, 0, 0, 0, 0, 0]	No	Benign
chr17-317818-A-C	RPH3AL	FAIL	PASS	PASS	0	InterVar: Benign PVS1=0 PS=[0, 0, 0, 0, 0] PM=[0, 0, 0, 0, 0, 0, 0] PP=[0, 0, 0, 0, 0, 0] BA1=1 BS=[1, 0, 0, 0, 0] BP=[0, 0, 0, 0, 0, 0, 0, 0]	No	Benign
chr17-318154-A-G	RPH3AL	PASS	PASS	PASS	0	InterVar: Benign PVS1=0 PS=[0, 0, 0, 0, 0] PM=[0, 0, 0, 0, 0, 0, 0] PP=[0, 0, 0, 0, 0, 0] BA1=1 BS=[1, 0, 0, 0, 0] BP=[0, 0, 0, 0, 0, 0, 0, 0]	No	Benign
chr17-319019-G-A	RPH3AL	FAIL	PASS	PASS	0	InterVar: Benign PVS1=0 PS=[0, 0, 0, 0, 0] PM=[0, 0, 0, 0, 0, 0, 0] PP=[0, 0, 0, 0, 0, 0] BA1=1 BS=[1, 0, 0, 0, 0] BP=[0, 0, 0, 0, 0, 0, 0, 0]	No	Benign
chr17-320472-C-CA	NA	FAIL	PASS	PASS	0	NA	NA	NA
chr17-321198-G-A	RPH3AL	FAIL	PASS	PASS	0	InterVar: Benign PVS1=0 PS=[0, 0, 0, 0, 0] PM=[0, 0, 0, 0, 0, 0, 0] PP=[0, 0, 0, 0, 0, 0] BA1=1 BS=[1, 0, 0, 0, 0] BP=[0, 0, 0, 0, 0, 0, 0, 0]	No	Benign
chr17-321307-T-G	RPH3AL	FAIL	PASS	PASS	0	InterVar: Benign PVS1=0 PS=[0, 0, 0, 0, 0] PM=[0, 0, 0, 0, 0, 0, 0] PP=[0, 0, 0, 0, 0, 0] BA1=1 BS=[1, 0, 0, 0, 0] BP=[0, 0, 0, 1, 0, 0, 1, 0]	No	Benign
chr17-321346-C-A	RPH3AL	FAIL	PASS	PASS	0	InterVar: Benign PVS1=0 PS=[0, 0, 0, 0, 0] PM=[0, 0, 0, 0, 0, 0, 0] PP=[0, 0, 0, 0, 0, 0] BA1=1 BS=[1, 0, 0, 0, 0] BP=[0, 0, 0, 1, 0, 0, 1, 0]	No	Benign
chr17-321853-C-G	ENSG00000262920	PASS	PASS	PASS	0	InterVar: Benign PVS1=0 PS=[0, 0, 0, 0, 0] PM=[0, 0, 0, 0, 0, 0, 0] PP=[0, 0, 0, 0, 0, 0] BA1=1 BS=[1, 0, 0, 0, 0] BP=[0, 0, 0, 0, 0, 0, 0, 0]	No	Benign
chr17-322651-A-G	RPH3AL	PASS	PASS	PASS	0	InterVar: Benign PVS1=0 PS=[0, 0, 0, 0, 0] PM=[0, 0, 0, 0, 0, 0, 0] PP=[0, 0, 0, 0, 0, 0] BA1=1 BS=[1, 0, 0, 0, 0] BP=[0, 0, 0, 0, 0, 0, 0, 0]	No	Benign
chr17-322892-A-G	RPH3AL	PASS	PASS	PASS	0	InterVar: Benign PVS1=0 PS=[0, 0, 0, 0, 0] PM=[0, 0, 0, 0, 0, 0, 0] PP=[0, 0, 0, 0, 0, 0] BA1=1 BS=[1, 0, 0, 0, 0] BP=[0, 0, 0, 0, 0, 0, 0, 0]	No	Benign
chr17-323061-A-G	RPH3AL	PASS	PASS	PASS	0	InterVar: Benign PVS1=0 PS=[0, 0, 0, 0, 0] PM=[0, 0, 0, 0, 0, 0, 0] PP=[0, 0, 0, 0, 0, 0] BA1=1 BS=[1, 0, 0, 0, 0] BP=[0, 0, 0, 0, 0, 0, 0, 0]	No	Benign
chr17-324061-G-A	RPH3AL	PASS	PASS	PASS	0	InterVar: Benign PVS1=0 PS=[0, 0, 0, 0, 0] PM=[0, 0, 0, 0, 0, 0, 0] PP=[0, 0, 0, 0, 0, 0] BA1=1 BS=[1, 0, 0, 0, 0] BP=[0, 0, 0, 0, 0, 0, 0, 0]	No	Benign
chr17-324330-T-C	RPH3AL	PASS	PASS	PASS	0	InterVar: Benign PVS1=0 PS=[0, 0, 0, 0, 0] PM=[0, 0, 0, 0, 0, 0, 0] PP=[0, 0, 0, 0, 0, 0] BA1=1 BS=[1, 0, 0, 0, 0] BP=[0, 0, 0, 0, 0, 0, 0, 0]	No	Benign
chr17-324690-T-G	RPH3AL	PASS	PASS	PASS	0	InterVar: Benign PVS1=0 PS=[0, 0, 0, 0, 0] PM=[0, 0, 0, 0, 0, 0, 0] PP=[0, 0, 0, 0, 0, 0] BA1=1 BS=[1, 0, 0, 0, 0] BP=[0, 0, 0, 0, 0, 0, 0, 0]	No	Benign
chr17-324707-G-C	RPH3AL	PASS	PASS	PASS	0	InterVar: Benign PVS1=0 PS=[0, 0, 0, 0, 0] PM=[0, 0, 0, 0, 0, 0, 0] PP=[0, 0, 0, 0, 0, 0] BA1=1 BS=[1, 0, 0, 0, 0] BP=[0, 0, 0, 0, 0, 0, 0, 0]	No	Benign
chr17-324709-A-AT	NA	PASS	PASS	PASS	0	NA	NA	NA
chr17-324710-C-CTAT	NA	FAIL	PASS	PASS	0	NA	NA	NA
chr17-324710-C-CTATCTATCTATCTAT	NA	FAIL	PASS	PASS	0	NA	NA	NA
chr17-324829-A-G	RPH3AL	PASS	PASS	PASS	0	InterVar: Benign PVS1=0 PS=[0, 0, 0, 0, 0] PM=[0, 0, 0, 0, 0, 0, 0] PP=[0, 0, 0, 0, 0, 0] BA1=1 BS=[1, 0, 0, 0, 0] BP=[0, 0, 0, 0, 0, 0, 0, 0]	No	Benign
chr17-324870-C-A	RPH3AL	PASS	PASS	PASS	0	InterVar: Benign PVS1=0 PS=[0, 0, 0, 0, 0] PM=[0, 0, 0, 0, 0, 0, 0] PP=[0, 0, 0, 0, 0, 0] BA1=1 BS=[1, 0, 0, 0, 0] BP=[0, 0, 0, 0, 0, 0, 0, 0]	No	Benign
chr17-325772-T-G	RPH3AL	PASS	PASS	PASS	0	InterVar: Benign PVS1=0 PS=[0, 0, 0, 0, 0] PM=[0, 0, 0, 0, 0, 0, 0] PP=[0, 0, 0, 0, 0, 0] BA1=1 BS=[1, 0, 0, 0, 0] BP=[0, 0, 0, 0, 0, 0, 0, 0]	No	Benign
chr17-326506-C-T	RPH3AL	PASS	PASS	PASS	0	InterVar: Benign PVS1=0 PS=[0, 0, 0, 0, 0] PM=[0, 0, 0, 0, 0, 0, 0] PP=[0, 0, 0, 0, 0, 0] BA1=1 BS=[1, 0, 0, 0, 0] BP=[0, 0, 0, 0, 0, 0, 0, 0]	No	Benign
chr17-327568-G-T	RPH3AL	PASS	PASS	PASS	0	InterVar: Benign PVS1=0 PS=[0, 0, 0, 0, 0] PM=[0, 0, 0, 0, 0, 0, 0] PP=[0, 0, 0, 0, 0, 0] BA1=1 BS=[1, 0, 0, 0, 0] BP=[0, 0, 0, 0, 0, 0, 0, 0]	No	Benign
chr17-329605-T-G	RPH3AL	FAIL	PASS	PASS	0	InterVar: Benign PVS1=0 PS=[0, 0, 0, 0, 0] PM=[0, 0, 0, 0, 0, 0, 0] PP=[0, 0, 0, 0, 0, 0] BA1=1 BS=[1, 0, 0, 0, 0] BP=[0, 0, 0, 0, 0, 0, 0, 0]	No	Benign
chr17-331132-G-T	RPH3AL	PASS	PASS	PASS	0	InterVar: Benign PVS1=0 PS=[0, 0, 0, 0, 0] PM=[0, 0, 0, 0, 0, 0, 0] PP=[0, 0, 0, 0, 0, 0] BA1=1 BS=[1, 0, 0, 0, 0] BP=[0, 0, 0, 0, 0, 0, 0, 0]	No	Benign
chr17-331207-A-G	RPH3AL-AS1	PASS	PASS	PASS	0	InterVar: Benign PVS1=0 PS=[0, 0, 0, 0, 0] PM=[0, 0, 0, 0, 0, 0, 0] PP=[0, 0, 0, 0, 0, 0] BA1=1 BS=[1, 0, 0, 0, 0] BP=[0, 0, 0, 0, 0, 0, 0, 0]	No	Benign
chr17-331290-A-AGG	NA	PASS	PASS	PASS	0	NA	NA	NA
chr17-331291-A-AGCCAAATGCTGCAGAGATGAAGGGAGATGAAAG	NA	PASS	PASS	PASS	0	NA	NA	NA
chr17-331683-T-C	RPH3AL-AS1	PASS	PASS	PASS	0	InterVar: Benign PVS1=0 PS=[0, 0, 0, 0, 0] PM=[0, 0, 0, 0, 0, 0, 0] PP=[0, 0, 0, 0, 0, 0] BA1=1 BS=[1, 0, 0, 0, 0] BP=[0, 0, 0, 1, 0, 0, 1, 0]	No	Benign
chr17-332713-C-G	RPH3AL-AS1	PASS	PASS	PASS	0	InterVar: Benign PVS1=0 PS=[0, 0, 0, 0, 0] PM=[0, 0, 0, 0, 0, 0, 0] PP=[0, 0, 0, 0, 0, 0] BA1=1 BS=[1, 0, 0, 0, 0] BP=[0, 0, 0, 0, 0, 0, 0, 0]	No	Benign
chr17-332713-C-G	RPH3AL-AS1	PASS	PASS	PASS	0	InterVar: Benign PVS1=0 PS=[0, 0, 0, 0, 0] PM=[0, 0, 0, 0, 0, 0, 0] PP=[0, 0, 0, 0, 0, 0] BA1=1 BS=[1, 0, 0, 0, 0] BP=[0, 0, 0, 0, 0, 0, 0, 0]	No	Benign
chr17-332829-C-T	RPH3AL-AS1	PASS	PASS	PASS	0	InterVar: Benign PVS1=0 PS=[0, 0, 0, 0, 0] PM=[0, 0, 0, 0, 0, 0, 0] PP=[0, 0, 0, 0, 0, 0] BA1=1 BS=[1, 0, 0, 0, 0] BP=[0, 0, 0, 0, 0, 0, 0, 0]	No	Benign
chr17-332829-C-T	RPH3AL-AS1	PASS	PASS	PASS	0	InterVar: Benign PVS1=0 PS=[0, 0, 0, 0, 0] PM=[0, 0, 0, 0, 0, 0, 0] PP=[0, 0, 0, 0, 0, 0] BA1=1 BS=[1, 0, 0, 0, 0] BP=[0, 0, 0, 0, 0, 0, 0, 0]	No	Benign
chr17-335230-C-T	RPH3AL	PASS	PASS	PASS	0	InterVar: Benign PVS1=0 PS=[0, 0, 0, 0, 0] PM=[0, 0, 0, 0, 0, 0, 0] PP=[0, 0, 0, 0, 0, 0] BA1=1 BS=[1, 0, 0, 0, 0] BP=[0, 0, 0, 0, 0, 0, 0, 0]	No	Benign
chr17-335236-C-G	RPH3AL	PASS	PASS	PASS	0	InterVar: Benign PVS1=0 PS=[0, 0, 0, 0, 0] PM=[0, 0, 0, 0, 0, 0, 0] PP=[0, 0, 0, 0, 0, 0] BA1=1 BS=[1, 0, 0, 0, 0] BP=[0, 0, 0, 0, 0, 0, 0, 0]	No	Benign
chr17-335292-C-T	RPH3AL	PASS	PASS	PASS	0	InterVar: Benign PVS1=0 PS=[0, 0, 0, 0, 0] PM=[0, 0, 0, 0, 0, 0, 0] PP=[0, 0, 0, 0, 0, 0] BA1=1 BS=[1, 0, 0, 0, 0] BP=[0, 0, 0, 0, 0, 0, 0, 0]	No	Benign
chr17-335547-C-A	RPH3AL	PASS	PASS	PASS	0	InterVar: Benign PVS1=0 PS=[0, 0, 0, 0, 0] PM=[0, 0, 0, 0, 0, 0, 0] PP=[0, 0, 0, 0, 0, 0] BA1=1 BS=[1, 0, 0, 0, 0] BP=[0, 0, 0, 0, 0, 0, 0, 0]	No	Benign
chr17-335651-A-G	RPH3AL	PASS	PASS	PASS	0	InterVar: Benign PVS1=0 PS=[0, 0, 0, 0, 0] PM=[0, 0, 0, 0, 0, 0, 0] PP=[0, 0, 0, 0, 0, 0] BA1=1 BS=[1, 0, 0, 0, 0] BP=[0, 0, 0, 0, 0, 0, 0, 0]	No	Benign
chr17-336127-T-C	RPH3AL	PASS	PASS	PASS	0	InterVar: Benign PVS1=0 PS=[0, 0, 0, 0, 0] PM=[0, 0, 0, 0, 0, 0, 0] PP=[0, 0, 0, 0, 0, 0] BA1=1 BS=[1, 0, 0, 0, 0] BP=[0, 0, 0, 0, 0, 0, 0, 0]	No	Benign
chr17-336465-C-T	RPH3AL	PASS	PASS	PASS	0	InterVar: Benign PVS1=0 PS=[0, 0, 0, 0, 0] PM=[0, 0, 0, 0, 0, 0, 0] PP=[0, 0, 0, 0, 0, 0] BA1=1 BS=[1, 0, 0, 0, 0] BP=[0, 0, 0, 0, 0, 0, 0, 0]	No	Benign
chr17-337122-A-AT	NA	PASS	PASS	PASS	0	NA	NA	NA
chr17-337362-A-G	RPH3AL	PASS	PASS	PASS	0	InterVar: Benign PVS1=0 PS=[0, 0, 0, 0, 0] PM=[0, 0, 0, 0, 0, 0, 0] PP=[0, 0, 0, 0, 0, 0] BA1=1 BS=[1, 0, 0, 0, 0] BP=[0, 0, 0, 0, 0, 0, 0, 0]	No	Benign
chr17-338167-A-G	RPH3AL	PASS	PASS	PASS	0	InterVar: Benign PVS1=0 PS=[0, 0, 0, 0, 0] PM=[0, 0, 0, 0, 0, 0, 0] PP=[0, 0, 0, 0, 0, 0] BA1=1 BS=[1, 0, 0, 0, 0] BP=[0, 0, 0, 0, 0, 0, 0, 0]	No	Benign
chr17-338318-T-C	RPH3AL	PASS	PASS	PASS	0	InterVar: Benign PVS1=0 PS=[0, 0, 0, 0, 0] PM=[0, 0, 0, 0, 0, 0, 0] PP=[0, 0, 0, 0, 0, 0] BA1=1 BS=[1, 0, 0, 0, 0] BP=[0, 0, 0, 0, 0, 0, 0, 0]	No	Benign
chr17-338429-G-GC	NA	NA	PASS	PASS	0	NA	NA	NA
chr17-340371-T-C	RPH3AL	PASS	PASS	PASS	0	InterVar: Benign PVS1=0 PS=[0, 0, 0, 0, 0] PM=[0, 0, 0, 0, 0, 0, 0] PP=[0, 0, 0, 0, 0, 0] BA1=1 BS=[1, 0, 0, 0, 0] BP=[0, 0, 0, 0, 0, 0, 0, 0]	No	Benign
chr17-340431-T-C	RPH3AL	PASS	PASS	PASS	0	InterVar: Benign PVS1=0 PS=[0, 0, 0, 0, 0] PM=[0, 0, 0, 0, 0, 0, 0] PP=[0, 0, 0, 0, 0, 0] BA1=1 BS=[1, 0, 0, 0, 0] BP=[0, 0, 0, 0, 0, 0, 0, 0]	No	Benign
chr17-341416-C-T	RPH3AL	PASS	PASS	PASS	0	InterVar: Benign PVS1=0 PS=[0, 0, 0, 0, 0] PM=[0, 0, 0, 0, 0, 0, 0] PP=[0, 0, 0, 0, 0, 0] BA1=1 BS=[1, 0, 0, 0, 0] BP=[0, 0, 0, 0, 0, 0, 0, 0]	No	Benign
chr17-342250-A-G	RPH3AL	PASS	PASS	PASS	0	InterVar: Benign PVS1=0 PS=[0, 0, 0, 0, 0] PM=[0, 0, 0, 0, 0, 0, 0] PP=[0, 0, 0, 0, 0, 0] BA1=1 BS=[1, 0, 0, 0, 0] BP=[0, 0, 0, 0, 0, 0, 0, 0]	No	Benign
chr17-342251-T-C	RPH3AL	PASS	PASS	PASS	0	InterVar: Benign PVS1=0 PS=[0, 0, 0, 0, 0] PM=[0, 0, 0, 0, 0, 0, 0] PP=[0, 0, 0, 0, 0, 0] BA1=1 BS=[1, 0, 0, 0, 0] BP=[0, 0, 0, 0, 0, 0, 0, 0]	No	Benign
chr17-342347-G-A	RPH3AL	PASS	PASS	PASS	0	InterVar: Benign PVS1=0 PS=[0, 0, 0, 0, 0] PM=[0, 0, 0, 0, 0, 0, 0] PP=[0, 0, 0, 0, 0, 0] BA1=1 BS=[1, 0, 0, 0, 0] BP=[0, 0, 0, 0, 0, 0, 0, 0]	No	Benign
chr17-342544-G-A	RPH3AL	PASS	PASS	PASS	0	InterVar: Benign PVS1=0 PS=[0, 0, 0, 0, 0] PM=[0, 0, 0, 0, 0, 0, 0] PP=[0, 0, 0, 0, 0, 0] BA1=1 BS=[1, 0, 0, 0, 0] BP=[0, 0, 0, 0, 0, 0, 0, 0]	No	Benign
chr17-343397-G-A	RPH3AL	PASS	PASS	PASS	0	InterVar: Benign PVS1=0 PS=[0, 0, 0, 0, 0] PM=[0, 0, 0, 0, 0, 0, 0] PP=[0, 0, 0, 0, 0, 0] BA1=1 BS=[1, 0, 0, 0, 0] BP=[0, 0, 0, 0, 0, 0, 0, 0]	No	Benign
chr17-343804-C-T	RPH3AL	PASS	PASS	PASS	0	InterVar: Benign PVS1=0 PS=[0, 0, 0, 0, 0] PM=[0, 0, 0, 0, 0, 0, 0] PP=[0, 0, 0, 0, 0, 0] BA1=1 BS=[1, 0, 0, 0, 0] BP=[0, 0, 0, 0, 0, 0, 0, 0]	No	Benign
chr17-343931-C-CCATCAT	NA	PASS	FAIL	PASS	0	NA	NA	NA
chr17-345677-C-T	RPH3AL	PASS	FAIL	PASS	0	InterVar: Benign PVS1=0 PS=[0, 0, 0, 0, 0] PM=[0, 0, 0, 0, 0, 0, 0] PP=[0, 0, 0, 0, 0, 0] BA1=1 BS=[1, 0, 0, 0, 0] BP=[0, 0, 0, 0, 0, 0, 0, 0]	No	Benign
chr17-348093-TAAA-T	NA	PASS	PASS	PASS	0	NA	NA	NA
chr17-348093-T-TA	NA	FAIL	PASS	PASS	0	NA	NA	NA
chr17-348173-A-G	RPH3AL	PASS	PASS	PASS	0	InterVar: Benign PVS1=0 PS=[0, 0, 0, 0, 0] PM=[0, 0, 0, 0, 0, 0, 0] PP=[0, 0, 0, 0, 0, 0] BA1=1 BS=[1, 0, 0, 0, 0] BP=[0, 0, 0, 0, 0, 0, 0, 0]	No	Benign
chr17-348281-A-C	RPH3AL	FAIL	PASS	PASS	0	InterVar: Benign PVS1=0 PS=[0, 0, 0, 0, 0] PM=[0, 0, 0, 0, 0, 0, 0] PP=[0, 0, 0, 0, 0, 0] BA1=1 BS=[1, 0, 0, 0, 0] BP=[0, 0, 0, 0, 0, 0, 0, 0]	No	Benign
chr17-348283-C-A	RPH3AL	PASS	PASS	PASS	0	InterVar: Benign PVS1=0 PS=[0, 0, 0, 0, 0] PM=[0, 0, 0, 0, 0, 0, 0] PP=[0, 0, 0, 0, 0, 0] BA1=1 BS=[1, 0, 0, 0, 0] BP=[0, 0, 0, 0, 0, 0, 0, 0]	No	Benign
chr17-348535-G-GA	NA	PASS	PASS	PASS	0	NA	NA	NA
chr17-348636-C-G	RPH3AL	PASS	PASS	PASS	0	InterVar: Benign PVS1=0 PS=[0, 0, 0, 0, 0] PM=[0, 0, 0, 0, 0, 0, 0] PP=[0, 0, 0, 0, 0, 0] BA1=1 BS=[1, 0, 0, 0, 0] BP=[0, 0, 0, 0, 0, 0, 0, 0]	No	Benign
chr17-348907-T-C	RPH3AL	PASS	PASS	PASS	0	InterVar: Benign PVS1=0 PS=[0, 0, 0, 0, 0] PM=[0, 0, 0, 0, 0, 0, 0] PP=[0, 0, 0, 0, 0, 0] BA1=1 BS=[1, 0, 0, 0, 0] BP=[0, 0, 0, 0, 0, 0, 0, 0]	No	Benign
chr17-350042-T-C	RPH3AL	PASS	PASS	PASS	0	InterVar: Benign PVS1=0 PS=[0, 0, 0, 0, 0] PM=[0, 0, 0, 0, 0, 0, 0] PP=[0, 0, 0, 0, 0, 0] BA1=1 BS=[1, 0, 0, 0, 0] BP=[0, 0, 0, 0, 0, 0, 0, 0]	No	Benign
chr17-350328-T-C	RPH3AL	PASS	PASS	PASS	0	InterVar: Benign PVS1=0 PS=[0, 0, 0, 0, 0] PM=[0, 0, 0, 0, 0, 0, 0] PP=[0, 0, 0, 0, 0, 0] BA1=1 BS=[1, 0, 0, 0, 0] BP=[0, 0, 0, 0, 0, 0, 0, 0]	No	Benign
chr17-351061-A-C	RPH3AL	PASS	PASS	PASS	0	InterVar: Benign PVS1=0 PS=[0, 0, 0, 0, 0] PM=[0, 0, 0, 0, 0, 0, 0] PP=[0, 0, 0, 0, 0, 0] BA1=1 BS=[1, 0, 0, 0, 0] BP=[0, 0, 0, 0, 0, 0, 0, 0]	No	Benign
chr17-351209-A-G	RPH3AL	PASS	PASS	PASS	0	InterVar: Benign PVS1=0 PS=[0, 0, 0, 0, 0] PM=[0, 0, 0, 0, 0, 0, 0] PP=[0, 0, 0, 0, 0, 0] BA1=1 BS=[1, 0, 0, 0, 0] BP=[0, 0, 0, 0, 0, 0, 0, 0]	No	Benign
chr17-352417-T-C	RPH3AL	PASS	PASS	PASS	0	InterVar: Benign PVS1=0 PS=[0, 0, 0, 0, 0] PM=[0, 0, 0, 0, 0, 0, 0] PP=[0, 0, 0, 0, 0, 0] BA1=1 BS=[1, 0, 0, 0, 0] BP=[0, 0, 0, 0, 0, 0, 0, 0]	No	Benign
chr17-353102-C-T	ENSG00000262294	PASS	PASS	PASS	0	InterVar: Benign PVS1=0 PS=[0, 0, 0, 0, 0] PM=[0, 0, 0, 0, 0, 0, 0] PP=[0, 0, 0, 0, 0, 0] BA1=1 BS=[1, 0, 0, 0, 0] BP=[0, 0, 0, 0, 0, 0, 0, 0]	No	Benign
chr17-353140-C-CA	NA	PASS	PASS	PASS	0	NA	NA	NA
chr17-353214-A-G	ENSG00000262294	PASS	PASS	PASS	0	InterVar: Benign PVS1=0 PS=[0, 0, 0, 0, 0] PM=[0, 0, 0, 0, 0, 0, 0] PP=[0, 0, 0, 0, 0, 0] BA1=1 BS=[1, 0, 0, 0, 0] BP=[0, 0, 0, 0, 0, 0, 0, 0]	No	Benign
chr17-353665-C-T	ENSG00000262294	NA	PASS	FAIL	0	InterVar: Benign PVS1=0 PS=[0, 0, 0, 0, 0] PM=[0, 0, 0, 0, 0, 0, 0] PP=[0, 0, 0, 0, 0, 0] BA1=1 BS=[1, 0, 0, 0, 0] BP=[0, 0, 0, 0, 0, 0, 0, 0]	No	Benign
chr17-353668-G-A	ENSG00000262294	NA	PASS	FAIL	0	InterVar: Benign PVS1=0 PS=[0, 0, 0, 0, 0] PM=[0, 0, 0, 0, 0, 0, 0] PP=[0, 0, 0, 0, 0, 0] BA1=1 BS=[1, 0, 0, 0, 0] BP=[0, 0, 0, 0, 0, 0, 0, 0]	No	Benign
chr17-353671-A-G	ENSG00000262294	NA	PASS	FAIL	0	InterVar: Benign PVS1=0 PS=[0, 0, 0, 0, 0] PM=[0, 0, 0, 0, 0, 0, 0] PP=[0, 0, 0, 0, 0, 0] BA1=1 BS=[1, 0, 0, 0, 0] BP=[0, 0, 0, 0, 0, 0, 0, 0]	No	Benign
chr17-354346-C-G	ENSG00000262294	PASS	PASS	PASS	0	InterVar: Benign PVS1=0 PS=[0, 0, 0, 0, 0] PM=[0, 0, 0, 0, 0, 0, 0] PP=[0, 0, 0, 0, 0, 0] BA1=1 BS=[1, 0, 0, 0, 0] BP=[0, 0, 0, 0, 0, 0, 0, 0]	No	Benign
chr17-354346-C-G	ENSG00000262294	PASS	PASS	PASS	0	InterVar: Benign PVS1=0 PS=[0, 0, 0, 0, 0] PM=[0, 0, 0, 0, 0, 0, 0] PP=[0, 0, 0, 0, 0, 0] BA1=1 BS=[1, 0, 0, 0, 0] BP=[0, 0, 0, 0, 0, 0, 0, 0]	No	Benign
chr17-354437-C-CCA	NA	FAIL	PASS	PASS	0	NA	NA	NA
chr17-354968-G-A	ENSG00000262558	PASS	PASS	PASS	0	InterVar: Benign PVS1=0 PS=[0, 0, 0, 0, 0] PM=[0, 0, 0, 0, 0, 0, 0] PP=[0, 0, 0, 0, 0, 0] BA1=1 BS=[1, 0, 0, 0, 0] BP=[0, 0, 0, 0, 0, 0, 0, 0]	No	Benign
chr17-354968-G-A	ENSG00000262558	PASS	PASS	PASS	0	InterVar: Benign PVS1=0 PS=[0, 0, 0, 0, 0] PM=[0, 0, 0, 0, 0, 0, 0] PP=[0, 0, 0, 0, 0, 0] BA1=1 BS=[1, 0, 0, 0, 0] BP=[0, 0, 0, 0, 0, 0, 0, 0]	No	Benign
chr17-355139-T-C	ENSG00000262558	PASS	PASS	PASS	0	InterVar: Benign PVS1=0 PS=[0, 0, 0, 0, 0] PM=[0, 0, 0, 0, 0, 0, 0] PP=[0, 0, 0, 0, 0, 0] BA1=1 BS=[1, 0, 0, 0, 0] BP=[0, 0, 0, 0, 0, 0, 0, 0]	No	Benign
chr17-355139-T-C	ENSG00000262558	PASS	PASS	PASS	0	InterVar: Benign PVS1=0 PS=[0, 0, 0, 0, 0] PM=[0, 0, 0, 0, 0, 0, 0] PP=[0, 0, 0, 0, 0, 0] BA1=1 BS=[1, 0, 0, 0, 0] BP=[0, 0, 0, 0, 0, 0, 0, 0]	No	Benign
chr17-355264-A-T	ENSG00000262558	PASS	PASS	PASS	0	InterVar: Benign PVS1=0 PS=[0, 0, 0, 0, 0] PM=[0, 0, 0, 0, 0, 0, 0] PP=[0, 0, 0, 0, 0, 0] BA1=1 BS=[1, 0, 0, 0, 0] BP=[0, 0, 0, 0, 0, 0, 0, 0]	No	Benign
chr17-355264-A-T	ENSG00000262558	PASS	PASS	PASS	0	InterVar: Benign PVS1=0 PS=[0, 0, 0, 0, 0] PM=[0, 0, 0, 0, 0, 0, 0] PP=[0, 0, 0, 0, 0, 0] BA1=1 BS=[1, 0, 0, 0, 0] BP=[0, 0, 0, 0, 0, 0, 0, 0]	No	Benign
chr17-355274-A-G	ENSG00000262558	PASS	PASS	PASS	0	InterVar: Benign PVS1=0 PS=[0, 0, 0, 0, 0] PM=[0, 0, 0, 0, 0, 0, 0] PP=[0, 0, 0, 0, 0, 0] BA1=1 BS=[1, 0, 0, 0, 0] BP=[0, 0, 0, 0, 0, 0, 0, 0]	No	Benign
chr17-355274-A-G	ENSG00000262558	PASS	PASS	PASS	0	InterVar: Benign PVS1=0 PS=[0, 0, 0, 0, 0] PM=[0, 0, 0, 0, 0, 0, 0] PP=[0, 0, 0, 0, 0, 0] BA1=1 BS=[1, 0, 0, 0, 0] BP=[0, 0, 0, 0, 0, 0, 0, 0]	No	Benign
chr17-355662-T-A	ENSG00000262294;ENSG00000262558	FAIL	PASS	PASS	0	InterVar: Benign PVS1=0 PS=[0, 0, 0, 0, 0] PM=[0, 0, 0, 0, 0, 0, 0] PP=[0, 0, 0, 0, 0, 0] BA1=1 BS=[1, 0, 0, 0, 0] BP=[0, 0, 0, 0, 0, 0, 0, 0]	No	Benign
chr17-355662-T-A	ENSG00000262294;ENSG00000262558	FAIL	PASS	PASS	0	InterVar: Benign PVS1=0 PS=[0, 0, 0, 0, 0] PM=[0, 0, 0, 0, 0, 0, 0] PP=[0, 0, 0, 0, 0, 0] BA1=1 BS=[1, 0, 0, 0, 0] BP=[0, 0, 0, 0, 0, 0, 0, 0]	No	Benign
chr17-355663-T-C	ENSG00000262294;ENSG00000262558	FAIL	PASS	PASS	0	InterVar: Benign PVS1=0 PS=[0, 0, 0, 0, 0] PM=[0, 0, 0, 0, 0, 0, 0] PP=[0, 0, 0, 0, 0, 0] BA1=1 BS=[1, 0, 0, 0, 0] BP=[0, 0, 0, 0, 0, 0, 0, 0]	No	Benign
chr17-355663-T-C	ENSG00000262294;ENSG00000262558	FAIL	PASS	PASS	0	InterVar: Benign PVS1=0 PS=[0, 0, 0, 0, 0] PM=[0, 0, 0, 0, 0, 0, 0] PP=[0, 0, 0, 0, 0, 0] BA1=1 BS=[1, 0, 0, 0, 0] BP=[0, 0, 0, 0, 0, 0, 0, 0]	No	Benign
chr17-355674-A-G	ENSG00000262294;ENSG00000262558	PASS	PASS	PASS	0	InterVar: Benign PVS1=0 PS=[0, 0, 0, 0, 0] PM=[0, 0, 0, 0, 0, 0, 0] PP=[0, 0, 0, 0, 0, 0] BA1=1 BS=[1, 0, 0, 0, 0] BP=[0, 0, 0, 0, 0, 0, 0, 0]	No	Benign
chr17-355674-A-G	ENSG00000262294;ENSG00000262558	PASS	PASS	PASS	0	InterVar: Benign PVS1=0 PS=[0, 0, 0, 0, 0] PM=[0, 0, 0, 0, 0, 0, 0] PP=[0, 0, 0, 0, 0, 0] BA1=1 BS=[1, 0, 0, 0, 0] BP=[0, 0, 0, 0, 0, 0, 0, 0]	No	Benign
chr17-355691-C-T	ENSG00000262294;ENSG00000262558	PASS	FAIL	PASS	0	InterVar: Benign PVS1=0 PS=[0, 0, 0, 0, 0] PM=[0, 0, 0, 0, 0, 0, 0] PP=[0, 0, 0, 0, 0, 0] BA1=1 BS=[1, 0, 0, 0, 0] BP=[0, 0, 0, 0, 0, 0, 0, 0]	No	Benign
chr17-355691-C-T	ENSG00000262294;ENSG00000262558	PASS	FAIL	PASS	0	InterVar: Benign PVS1=0 PS=[0, 0, 0, 0, 0] PM=[0, 0, 0, 0, 0, 0, 0] PP=[0, 0, 0, 0, 0, 0] BA1=1 BS=[1, 0, 0, 0, 0] BP=[0, 0, 0, 0, 0, 0, 0, 0]	No	Benign
chr17-355701-T-A	ENSG00000262294;ENSG00000262558	PASS	FAIL	PASS	0	InterVar: Benign PVS1=0 PS=[0, 0, 0, 0, 0] PM=[0, 0, 0, 0, 0, 0, 0] PP=[0, 0, 0, 0, 0, 0] BA1=1 BS=[1, 0, 0, 0, 0] BP=[0, 0, 0, 0, 0, 0, 0, 0]	No	Benign
chr17-355701-T-A	ENSG00000262294;ENSG00000262558	PASS	FAIL	PASS	0	InterVar: Benign PVS1=0 PS=[0, 0, 0, 0, 0] PM=[0, 0, 0, 0, 0, 0, 0] PP=[0, 0, 0, 0, 0, 0] BA1=1 BS=[1, 0, 0, 0, 0] BP=[0, 0, 0, 0, 0, 0, 0, 0]	No	Benign
chr17-355702-T-C	ENSG00000262294;ENSG00000262558	PASS	FAIL	PASS	0	InterVar: Benign PVS1=0 PS=[0, 0, 0, 0, 0] PM=[0, 0, 0, 0, 0, 0, 0] PP=[0, 0, 0, 0, 0, 0] BA1=1 BS=[1, 0, 0, 0, 0] BP=[0, 0, 0, 0, 0, 0, 0, 0]	No	Benign
chr17-355702-T-C	ENSG00000262294;ENSG00000262558	PASS	FAIL	PASS	0	InterVar: Benign PVS1=0 PS=[0, 0, 0, 0, 0] PM=[0, 0, 0, 0, 0, 0, 0] PP=[0, 0, 0, 0, 0, 0] BA1=1 BS=[1, 0, 0, 0, 0] BP=[0, 0, 0, 0, 0, 0, 0, 0]	No	Benign
chr17-356814-T-C	ENSG00000262558	PASS	PASS	PASS	0	InterVar: Benign PVS1=0 PS=[0, 0, 0, 0, 0] PM=[0, 0, 0, 0, 0, 0, 0] PP=[0, 0, 0, 0, 0, 0] BA1=1 BS=[1, 0, 0, 0, 0] BP=[0, 0, 0, 0, 0, 0, 0, 0]	No	Benign
chr17-356814-T-C	ENSG00000262558	PASS	PASS	PASS	0	InterVar: Benign PVS1=0 PS=[0, 0, 0, 0, 0] PM=[0, 0, 0, 0, 0, 0, 0] PP=[0, 0, 0, 0, 0, 0] BA1=1 BS=[1, 0, 0, 0, 0] BP=[0, 0, 0, 0, 0, 0, 0, 0]	No	Benign
chr17-356968-G-C	ENSG00000262294	PASS	PASS	PASS	0	InterVar: Benign PVS1=0 PS=[0, 0, 0, 0, 0] PM=[0, 0, 0, 0, 0, 0, 0] PP=[0, 0, 0, 0, 0, 0] BA1=1 BS=[1, 0, 0, 0, 0] BP=[0, 0, 0, 0, 0, 0, 0, 0]	No	Benign
chr17-356968-G-C	ENSG00000262294	PASS	PASS	PASS	0	InterVar: Benign PVS1=0 PS=[0, 0, 0, 0, 0] PM=[0, 0, 0, 0, 0, 0, 0] PP=[0, 0, 0, 0, 0, 0] BA1=1 BS=[1, 0, 0, 0, 0] BP=[0, 0, 0, 0, 0, 0, 0, 0]	No	Benign
chr17-357086-G-A	ENSG00000262294	PASS	PASS	PASS	0	InterVar: Benign PVS1=0 PS=[0, 0, 0, 0, 0] PM=[0, 0, 0, 0, 0, 0, 0] PP=[0, 0, 0, 0, 0, 0] BA1=1 BS=[1, 0, 0, 0, 0] BP=[0, 0, 0, 0, 0, 0, 0, 0]	No	Benign
chr17-357086-G-A	ENSG00000262294	PASS	PASS	PASS	0	InterVar: Benign PVS1=0 PS=[0, 0, 0, 0, 0] PM=[0, 0, 0, 0, 0, 0, 0] PP=[0, 0, 0, 0, 0, 0] BA1=1 BS=[1, 0, 0, 0, 0] BP=[0, 0, 0, 0, 0, 0, 0, 0]	No	Benign
chr17-357171-C-T	ENSG00000262294	PASS	PASS	PASS	0	InterVar: Benign PVS1=0 PS=[0, 0, 0, 0, 0] PM=[0, 0, 0, 0, 0, 0, 0] PP=[0, 0, 0, 0, 0, 0] BA1=1 BS=[1, 0, 0, 0, 0] BP=[0, 0, 0, 0, 0, 0, 0, 0]	No	Benign
chr17-357171-C-T	ENSG00000262294	PASS	PASS	PASS	0	InterVar: Benign PVS1=0 PS=[0, 0, 0, 0, 0] PM=[0, 0, 0, 0, 0, 0, 0] PP=[0, 0, 0, 0, 0, 0] BA1=1 BS=[1, 0, 0, 0, 0] BP=[0, 0, 0, 0, 0, 0, 0, 0]	No	Benign
chr17-357827-T-C	ENSG00000262294;ENSG00000262558	PASS	PASS	PASS	0	InterVar: Benign PVS1=0 PS=[0, 0, 0, 0, 0] PM=[0, 0, 0, 0, 0, 0, 0] PP=[0, 0, 0, 0, 0, 0] BA1=1 BS=[1, 0, 0, 0, 0] BP=[0, 0, 0, 0, 0, 0, 0, 0]	No	Benign
chr17-357827-T-C	ENSG00000262294;ENSG00000262558	PASS	PASS	PASS	0	InterVar: Benign PVS1=0 PS=[0, 0, 0, 0, 0] PM=[0, 0, 0, 0, 0, 0, 0] PP=[0, 0, 0, 0, 0, 0] BA1=1 BS=[1, 0, 0, 0, 0] BP=[0, 0, 0, 0, 0, 0, 0, 0]	No	Benign
chr17-357923-C-CT	NA	FAIL	PASS	PASS	0	NA	NA	NA
chr17-358213-T-C	ENSG00000262294	PASS	PASS	PASS	0	InterVar: Benign PVS1=0 PS=[0, 0, 0, 0, 0] PM=[0, 0, 0, 0, 0, 0, 0] PP=[0, 0, 0, 0, 0, 0] BA1=1 BS=[1, 0, 0, 0, 0] BP=[0, 0, 0, 0, 0, 0, 0, 0]	No	Benign
chr17-358213-T-C	ENSG00000262294	PASS	PASS	PASS	0	InterVar: Benign PVS1=0 PS=[0, 0, 0, 0, 0] PM=[0, 0, 0, 0, 0, 0, 0] PP=[0, 0, 0, 0, 0, 0] BA1=1 BS=[1, 0, 0, 0, 0] BP=[0, 0, 0, 0, 0, 0, 0, 0]	No	Benign
chr17-358431-C-A	ENSG00000262294	PASS	PASS	PASS	0	InterVar: Benign PVS1=0 PS=[0, 0, 0, 0, 0] PM=[0, 0, 0, 0, 0, 0, 0] PP=[0, 0, 0, 0, 0, 0] BA1=1 BS=[1, 0, 0, 0, 0] BP=[0, 0, 0, 0, 0, 0, 0, 0]	No	Benign
chr17-358431-C-A	ENSG00000262294	PASS	PASS	PASS	0	InterVar: Benign PVS1=0 PS=[0, 0, 0, 0, 0] PM=[0, 0, 0, 0, 0, 0, 0] PP=[0, 0, 0, 0, 0, 0] BA1=1 BS=[1, 0, 0, 0, 0] BP=[0, 0, 0, 0, 0, 0, 0, 0]	No	Benign
chr17-358545-A-G	ENSG00000262294	PASS	PASS	PASS	0	InterVar: Benign PVS1=0 PS=[0, 0, 0, 0, 0] PM=[0, 0, 0, 0, 0, 0, 0] PP=[0, 0, 0, 0, 0, 0] BA1=1 BS=[1, 0, 0, 0, 0] BP=[0, 0, 0, 0, 0, 0, 0, 0]	No	Benign
chr17-358545-A-G	ENSG00000262294	PASS	PASS	PASS	0	InterVar: Benign PVS1=0 PS=[0, 0, 0, 0, 0] PM=[0, 0, 0, 0, 0, 0, 0] PP=[0, 0, 0, 0, 0, 0] BA1=1 BS=[1, 0, 0, 0, 0] BP=[0, 0, 0, 0, 0, 0, 0, 0]	No	Benign
chr17-359608-C-G	ENSG00000262294;ENSG00000241525	PASS	PASS	PASS	0	InterVar: Benign PVS1=0 PS=[0, 0, 0, 0, 0] PM=[0, 0, 0, 0, 0, 0, 0] PP=[0, 0, 0, 0, 0, 0] BA1=1 BS=[1, 0, 0, 0, 0] BP=[0, 0, 0, 0, 0, 0, 0, 0]	No	Benign
chr17-359608-C-G	ENSG00000262294;ENSG00000241525	PASS	PASS	PASS	0	InterVar: Benign PVS1=0 PS=[0, 0, 0, 0, 0] PM=[0, 0, 0, 0, 0, 0, 0] PP=[0, 0, 0, 0, 0, 0] BA1=1 BS=[1, 0, 0, 0, 0] BP=[0, 0, 0, 0, 0, 0, 0, 0]	No	Benign
chr17-359684-T-C	ENSG00000262294;ENSG00000241525	PASS	PASS	PASS	0	InterVar: Benign PVS1=0 PS=[0, 0, 0, 0, 0] PM=[0, 0, 0, 0, 0, 0, 0] PP=[0, 0, 0, 0, 0, 0] BA1=1 BS=[1, 0, 0, 0, 0] BP=[0, 0, 0, 0, 0, 0, 0, 0]	No	Benign
chr17-359684-T-C	ENSG00000262294;ENSG00000241525	PASS	PASS	PASS	0	InterVar: Benign PVS1=0 PS=[0, 0, 0, 0, 0] PM=[0, 0, 0, 0, 0, 0, 0] PP=[0, 0, 0, 0, 0, 0] BA1=1 BS=[1, 0, 0, 0, 0] BP=[0, 0, 0, 0, 0, 0, 0, 0]	No	Benign
chr17-359705-T-C	ENSG00000262294;ENSG00000241525	PASS	PASS	PASS	0	InterVar: Benign PVS1=0 PS=[0, 0, 0, 0, 0] PM=[0, 0, 0, 0, 0, 0, 0] PP=[0, 0, 0, 0, 0, 0] BA1=1 BS=[1, 0, 0, 0, 0] BP=[0, 0, 0, 0, 0, 0, 0, 0]	No	Benign
chr17-359705-T-C	ENSG00000262294;ENSG00000241525	PASS	PASS	PASS	0	InterVar: Benign PVS1=0 PS=[0, 0, 0, 0, 0] PM=[0, 0, 0, 0, 0, 0, 0] PP=[0, 0, 0, 0, 0, 0] BA1=1 BS=[1, 0, 0, 0, 0] BP=[0, 0, 0, 0, 0, 0, 0, 0]	No	Benign
chr17-359705-T-TC	NA	PASS	PASS	PASS	0	NA	NA	NA
chr17-359813-T-C	ENSG00000262294;ENSG00000241525	PASS	PASS	PASS	0	InterVar: Benign PVS1=0 PS=[0, 0, 0, 0, 0] PM=[0, 0, 0, 0, 0, 0, 0] PP=[0, 0, 0, 0, 0, 0] BA1=1 BS=[1, 0, 0, 0, 0] BP=[0, 0, 0, 0, 0, 0, 0, 0]	No	Benign
chr17-359813-T-C	ENSG00000262294;ENSG00000241525	PASS	PASS	PASS	0	InterVar: Benign PVS1=0 PS=[0, 0, 0, 0, 0] PM=[0, 0, 0, 0, 0, 0, 0] PP=[0, 0, 0, 0, 0, 0] BA1=1 BS=[1, 0, 0, 0, 0] BP=[0, 0, 0, 0, 0, 0, 0, 0]	No	Benign
chr17-359817-C-T	ENSG00000262294;ENSG00000241525	PASS	PASS	PASS	0	InterVar: Benign PVS1=0 PS=[0, 0, 0, 0, 0] PM=[0, 0, 0, 0, 0, 0, 0] PP=[0, 0, 0, 0, 0, 0] BA1=1 BS=[1, 0, 0, 0, 0] BP=[0, 0, 0, 0, 0, 0, 0, 0]	No	Benign
chr17-359817-C-T	ENSG00000262294;ENSG00000241525	PASS	PASS	PASS	0	InterVar: Benign PVS1=0 PS=[0, 0, 0, 0, 0] PM=[0, 0, 0, 0, 0, 0, 0] PP=[0, 0, 0, 0, 0, 0] BA1=1 BS=[1, 0, 0, 0, 0] BP=[0, 0, 0, 0, 0, 0, 0, 0]	No	Benign
chr17-359852-T-G	ENSG00000262294;ENSG00000241525	PASS	PASS	PASS	0	InterVar: Benign PVS1=0 PS=[0, 0, 0, 0, 0] PM=[0, 0, 0, 0, 0, 0, 0] PP=[0, 0, 0, 0, 0, 0] BA1=1 BS=[1, 0, 0, 0, 0] BP=[0, 0, 0, 0, 0, 0, 0, 0]	No	Benign
chr17-359852-T-G	ENSG00000262294;ENSG00000241525	PASS	PASS	PASS	0	InterVar: Benign PVS1=0 PS=[0, 0, 0, 0, 0] PM=[0, 0, 0, 0, 0, 0, 0] PP=[0, 0, 0, 0, 0, 0] BA1=1 BS=[1, 0, 0, 0, 0] BP=[0, 0, 0, 0, 0, 0, 0, 0]	No	Benign
chr17-360023-C-A	ENSG00000262294;ENSG00000241525	PASS	PASS	PASS	0	InterVar: Benign PVS1=0 PS=[0, 0, 0, 0, 0] PM=[0, 0, 0, 0, 0, 0, 0] PP=[0, 0, 0, 0, 0, 0] BA1=1 BS=[1, 0, 0, 0, 0] BP=[0, 0, 0, 0, 0, 0, 0, 0]	No	Benign
chr17-360023-C-A	ENSG00000262294;ENSG00000241525	PASS	PASS	PASS	0	InterVar: Benign PVS1=0 PS=[0, 0, 0, 0, 0] PM=[0, 0, 0, 0, 0, 0, 0] PP=[0, 0, 0, 0, 0, 0] BA1=1 BS=[1, 0, 0, 0, 0] BP=[0, 0, 0, 0, 0, 0, 0, 0]	No	Benign
chr17-360232-C-T	ENSG00000262294;ENSG00000241525	PASS	PASS	PASS	0	InterVar: Benign PVS1=0 PS=[0, 0, 0, 0, 0] PM=[0, 0, 0, 0, 0, 0, 0] PP=[0, 0, 0, 0, 0, 0] BA1=1 BS=[1, 0, 0, 0, 0] BP=[0, 0, 0, 0, 0, 0, 0, 0]	No	Benign
chr17-360232-C-T	ENSG00000262294;ENSG00000241525	PASS	PASS	PASS	0	InterVar: Benign PVS1=0 PS=[0, 0, 0, 0, 0] PM=[0, 0, 0, 0, 0, 0, 0] PP=[0, 0, 0, 0, 0, 0] BA1=1 BS=[1, 0, 0, 0, 0] BP=[0, 0, 0, 0, 0, 0, 0, 0]	No	Benign
chr17-360289-C-T	ENSG00000262294;ENSG00000241525	PASS	PASS	PASS	0	InterVar: Benign PVS1=0 PS=[0, 0, 0, 0, 0] PM=[0, 0, 0, 0, 0, 0, 0] PP=[0, 0, 0, 0, 0, 0] BA1=1 BS=[1, 0, 0, 0, 0] BP=[0, 0, 0, 0, 0, 0, 0, 0]	No	Benign
chr17-360290-C-T	ENSG00000262294;ENSG00000241525	PASS	FAIL	PASS	0	InterVar: Benign PVS1=1 PS=[0, 2, 0, 0, 0] PM=[0, 0, 2, 0, 0, 0, 0] PP=[0, 0, 0, 0, 0, 0] BA1=1 BS=[1, 0, 0, 0, 0] BP=[0, 0, 0, 0, 0, 0, 0, 0]	Yes	Uncertain significance
chr17-360291-C-T	ENSG00000262294;ENSG00000241525	PASS	FAIL	PASS	0	InterVar: Benign PVS1=1 PS=[0, 2, 0, 0, 0] PM=[0, 0, 2, 0, 0, 0, 0] PP=[0, 0, 0, 0, 0, 0] BA1=1 BS=[1, 0, 0, 0, 0] BP=[0, 0, 0, 0, 0, 0, 0, 0]	Yes	Benign
chr17-360293-C-T	ENSG00000262294;ENSG00000241525	PASS	FAIL	PASS	0	InterVar: Benign PVS1=1 PS=[0, 2, 0, 0, 0] PM=[0, 0, 2, 0, 0, 0, 0] PP=[0, 0, 0, 0, 0, 0] BA1=1 BS=[1, 0, 0, 0, 0] BP=[0, 0, 0, 0, 0, 0, 0, 0]	Yes	Benign
