vcf_id	Ref.Gene	Stars	Intervar_evidence	intervar_adjusted_call	ID	final_call	AC	AF	AN	BaseQRankSum	ClippingRankSum	DB	DP	DS	END	ExcessHet	FS	HaplotypeScore	InbreedingCoeff	MLEAC	MLEAF	MQ	MQRankSum	NEGATIVE_TRAIN_SITE	PG	POSITIVE_TRAIN_SITE	QD	RAW_MQ	ReadPosRankSum	SOR	VQSLOD	culprit	ANN	OLD_VARIANT	CSQ	Intervar	Intervar_STATUS	gnomad_3_1_1_AC	gnomad_3_1_1_AN	gnomad_3_1_1_AF	gnomad_3_1_1_nhomalt	gnomad_3_1_1_AC_popmax	gnomad_3_1_1_AN_popmax	gnomad_3_1_1_AF_popmax	gnomad_3_1_1_nhomalt_popmax	gnomad_3_1_1_AC_controls_and_biobanks	gnomad_3_1_1_AN_controls_and_biobanks	gnomad_3_1_1_AF_controls_and_biobanks	gnomad_3_1_1_AF_non_cancer	gnomad_3_1_1_primate_ai_score	gnomad_3_1_1_splice_ai_consequence	ALLELEID	CLNDN	CLNDNINCL	CLNDISDB	CLNDISDBINCL	CLNHGVS	CLNREVSTAT	CLNSIG	CLNSIGCONF	CLNSIGINCL	CLNVC	CLNVCSO	CLNVI
1-10495-C-T	NONE	0	InterVar: Benign PVS1=0 PS=[0, 0, 0, 0, 0] PM=[0, 0, 0, 0, 0, 0, 0] PP=[0, 0, 0, 0, 0, 0] BA1=1 BS=[1, 0, 0, 0, 0] BP=[0, 0, 0, 0, 0, 0, 0, 0]	No	rs55998931	Benign	1	0.5	2	1.09	-0.888	NA	14	NA	NA	3.0103	0	NA	NA	1	0.5	39.28	-1.086	NA	0,0,0	NA	1.74	21601	-0.493	0.593	-6.082	QD	T|upstream_gene_variant|MODIFIER|DDX11L1|ENSG00000223972|Transcript|ENST00000450305|transcribed_unprocessed_pseudogene|||||||||||1518|1||SNV|HGNC|HGNC:37102||||chr1:g.10492C>T,T|upstream_gene_variant|MODIFIER|DDX11L1|ENSG00000223972|Transcript|ENST00000456328|processed_transcript|||||||||||1377|1||SNV|HGNC|HGNC:37102|YES|||chr1:g.10492C>T,T|downstream_gene_variant|MODIFIER|WASH7P|ENSG00000227232|Transcript|ENST00000488147|unprocessed_pseudogene|||||||||||3912|-1||SNV|HGNC|HGNC:38034|YES|||chr1:g.10492C>T	NA	T|upstream_gene_variant|MODIFIER|DDX11L1|ENSG00000223972|Transcript|ENST00000450305|transcribed_unprocessed_pseudogene||||||||||rs55998931|1|1518|1|||SNV|HGNC|HGNC:37102|YES||||||||||Ensembl||C|C|||||||chr1:g.10492C>T|||||||||||||||||||||||||||8.116|0.663397|||||||||||||||||||||||||||||||||||||||||||||||||,T|upstream_gene_variant|MODIFIER|DDX11L1|ENSG00000223972|Transcript|ENST00000456328|processed_transcript||||||||||rs55998931|1|1377|1|||SNV|HGNC|HGNC:37102||1|||||||||Ensembl||C|C|||||||chr1:g.10492C>T|||||||||||||||||||||||||||8.116|0.663397|||||||||||||||||||||||||||||||||||||||||||||||||,T|downstream_gene_variant|MODIFIER|WASH7P|ENSG00000227232|Transcript|ENST00000488147|unprocessed_pseudogene||||||||||rs55998931|1|3912|-1|||SNV|HGNC|HGNC:38034|YES||||||||||Ensembl||C|C|||||||chr1:g.10492C>T|||||||||||||||||||||||||||8.116|0.663397|||||||||||||||||||||||||||||||||||||||||||||||||,T|downstream_gene_variant|MODIFIER|WASH7P|653635|Transcript|NR_024540.1|transcribed_pseudogene||||||||||rs55998931|1|3870|-1|||SNV|EntrezGene|HGNC:38034|YES||||||||||RefSeq||C|C|OK||||||chr1:g.10492C>T|||||||||||||||||||||||||||8.116|0.663397|||||||||||||||||||||||||||||||||||||||||||||||||,T|upstream_gene_variant|MODIFIER|DDX11L1|100287102|Transcript|NR_046018.2|transcribed_pseudogene||||||||||rs55998931|1|1382|1||1|SNV|EntrezGene|HGNC:37102|YES||||||||||RefSeq||C|C|||||||chr1:g.10492C>T|||||||||||||||||||||||||||8.116|0.663397|||||||||||||||||||||||||||||||||||||||||||||||||	NA	NA	1697	58906	0.0288086	2	71	860	0.0825581	1	349	11414	0.0305765	0.0290024	NA	.	NA	NA	NA	NA	NA	NA	NA	NA	NA	NA	NA	NA	NA
1-13613-T-A	DDX11L1	0	InterVar: Uncertain significance PVS1=0 PS=[0, 0, 0, 0, 0] PM=[0, 0, 0, 0, 0, 0, 0] PP=[0, 0, 0, 0, 0, 0] BA1=0 BS=[0, 0, 0, 0, 0] BP=[0, 0, 0, 0, 0, 0, 0, 0]	No	.	Uncertain_significance	1	0.5	2	-0.762	-1.179	NA	9	NA	NA	3.0103	0	NA	NA	1	0.5	23.58	-1.179	NA	0,0,0	NA	2.18	5004	1.18	0.551	-19.27	MQ	A|non_coding_transcript_exon_variant|MODIFIER|DDX11L1|ENSG00000223972|Transcript|ENST00000450305|transcribed_unprocessed_pseudogene|6/6||ENST00000450305.2:n.575T>A||575|||||||1||SNV|HGNC|HGNC:37102||||chr1:g.13613T>A,A|non_coding_transcript_exon_variant|MODIFIER|DDX11L1|ENSG00000223972|Transcript|ENST00000456328|processed_transcript|3/3||ENST00000456328.2:n.861T>A||861|||||||1||SNV|HGNC|HGNC:37102|YES|||chr1:g.13613T>A,A|downstream_gene_variant|MODIFIER|WASH7P|ENSG00000227232|Transcript|ENST00000488147|unprocessed_pseudogene|||||||||||791|-1||SNV|HGNC|HGNC:38034|YES|||chr1:g.13613T>A,A|downstream_gene_variant|MODIFIER|MIR6859-1|ENSG00000278267|Transcript|ENST00000619216|miRNA|||||||||||3756|-1||SNV|HGNC|HGNC:50039|YES|||chr1:g.13613T>A	NA	A|non_coding_transcript_exon_variant|MODIFIER|DDX11L1|ENSG00000223972|Transcript|ENST00000450305|transcribed_unprocessed_pseudogene|6/6||ENST00000450305.2:n.575T>A||575/632|||||rs879980801|1||1|||SNV|HGNC|HGNC:37102|YES||||||||||Ensembl||T|T|||||||chr1:g.13613T>A|||||||||||||||||||||||||||3.612|0.242163|||||||||||||||||||||||||||||||||||||||||||||||||,A|non_coding_transcript_exon_variant|MODIFIER|DDX11L1|ENSG00000223972|Transcript|ENST00000456328|processed_transcript|3/3||ENST00000456328.2:n.861T>A||861/1657|||||rs879980801|1||1|||SNV|HGNC|HGNC:37102||1|||||||||Ensembl||T|T|||||||chr1:g.13613T>A|||||||||||||||||||||||||||3.612|0.242163|||||||||||||||||||||||||||||||||||||||||||||||||,A|downstream_gene_variant|MODIFIER|WASH7P|ENSG00000227232|Transcript|ENST00000488147|unprocessed_pseudogene||||||||||rs879980801|1|791|-1|||SNV|HGNC|HGNC:38034|YES||||||||||Ensembl||T|T|||||||chr1:g.13613T>A|||||||||||||||||||||||||||3.612|0.242163|||||||||||||||||||||||||||||||||||||||||||||||||,A|downstream_gene_variant|MODIFIER|MIR6859-1|ENSG00000278267|Transcript|ENST00000619216|miRNA||||||||||rs879980801|1|3756|-1|||SNV|HGNC|HGNC:50039|YES||||||||||Ensembl||T|T|||||||chr1:g.13613T>A|||||||||||||||||||||||||||3.612|0.242163|||||||||||||||||||||||||||||||||||||||||||||||||,A|downstream_gene_variant|MODIFIER|WASH7P|653635|Transcript|NR_024540.1|transcribed_pseudogene||||||||||rs879980801|1|749|-1|||SNV|EntrezGene|HGNC:38034|YES||||||||||RefSeq||T|T|OK||||||chr1:g.13613T>A|||||||||||||||||||||||||||3.612|0.242163|||||||||||||||||||||||||||||||||||||||||||||||||,A|non_coding_transcript_exon_variant|MODIFIER|DDX11L1|100287102|Transcript|NR_046018.2|transcribed_pseudogene|3/3||NR_046018.2:n.856T>A||856/1652|||||rs879980801|1||1||1|SNV|EntrezGene|HGNC:37102|YES||||||||||RefSeq||T|T|||||||chr1:g.13613T>A|||||||||||||||||||||||||||3.612|0.242163|||||||||||||||||||||||||||||||||||||||||||||||||,A|downstream_gene_variant|MODIFIER|MIR6859-1|102466751|Transcript|NR_106918.1|miRNA||||||||||rs879980801|1|3756|-1|||SNV|EntrezGene|HGNC:50039|YES||||||||||RefSeq||T|T|||||||chr1:g.13613T>A|||||||||||||||||||||||||||3.612|0.242163|||||||||||||||||||||||||||||||||||||||||||||||||,A|regulatory_region_variant|MODIFIER|||RegulatoryFeature|ENSR00001164745|promoter_flanking_region||||||||||rs879980801|1|||||SNV|||||||||||||||||||||||chr1:g.13613T>A|||||||||||||||||||||||||||3.612|0.242163|||||||||||||||||||||||||||||||||||||||||||||||||	NA	NA	NA	NA	NA	NA	NA	NA	NA	NA	NA	NA	NA	NA	NA	NA	NA	NA	NA	NA	NA	NA	NA	NA	NA	NA	NA	NA	NA
1-13649-G-C	DDX11L1	0	InterVar: Uncertain significance PVS1=0 PS=[0, 0, 0, 0, 0] PM=[0, 0, 0, 0, 0, 0, 0] PP=[0, 0, 0, 0, 0, 0] BA1=0 BS=[1, 0, 0, 0, 0] BP=[0, 0, 0, 0, 0, 0, 0, 0]	No	.	Uncertain_significance	1	0.5	2	-0.48	-0.898	NA	10	NA	NA	3.0103	11.761	NA	NA	1	0.5	23.52	-1.733	NA	0,0,0	NA	1.66	5533	-0.48	2.204	-23.61	MQ	C|non_coding_transcript_exon_variant|MODIFIER|DDX11L1|ENSG00000223972|Transcript|ENST00000450305|transcribed_unprocessed_pseudogene|6/6||ENST00000450305.2:n.611G>C||611|||||||1||SNV|HGNC|HGNC:37102||||chr1:g.13649G>C,C|non_coding_transcript_exon_variant|MODIFIER|DDX11L1|ENSG00000223972|Transcript|ENST00000456328|processed_transcript|3/3||ENST00000456328.2:n.897G>C||897|||||||1||SNV|HGNC|HGNC:37102|YES|||chr1:g.13649G>C,C|downstream_gene_variant|MODIFIER|WASH7P|ENSG00000227232|Transcript|ENST00000488147|unprocessed_pseudogene|||||||||||755|-1||SNV|HGNC|HGNC:38034|YES|||chr1:g.13649G>C,C|downstream_gene_variant|MODIFIER|MIR6859-1|ENSG00000278267|Transcript|ENST00000619216|miRNA|||||||||||3720|-1||SNV|HGNC|HGNC:50039|YES|||chr1:g.13649G>C	NA	C|non_coding_transcript_exon_variant|MODIFIER|DDX11L1|ENSG00000223972|Transcript|ENST00000450305|transcribed_unprocessed_pseudogene|6/6||ENST00000450305.2:n.611G>C||611/632|||||rs879707275|1||1|||SNV|HGNC|HGNC:37102|YES||||||||||Ensembl||G|G|||||||chr1:g.13649G>C||||||||4.552e-05|0|0|0|0|0|6.109e-05|0|0.0002073|||||||||||4.328|0.303370|||||||||||||||||||||||||||||||||||||||||||||||||,C|non_coding_transcript_exon_variant|MODIFIER|DDX11L1|ENSG00000223972|Transcript|ENST00000456328|processed_transcript|3/3||ENST00000456328.2:n.897G>C||897/1657|||||rs879707275|1||1|||SNV|HGNC|HGNC:37102||1|||||||||Ensembl||G|G|||||||chr1:g.13649G>C||||||||4.552e-05|0|0|0|0|0|6.109e-05|0|0.0002073|||||||||||4.328|0.303370|||||||||||||||||||||||||||||||||||||||||||||||||,C|downstream_gene_variant|MODIFIER|WASH7P|ENSG00000227232|Transcript|ENST00000488147|unprocessed_pseudogene||||||||||rs879707275|1|755|-1|||SNV|HGNC|HGNC:38034|YES||||||||||Ensembl||G|G|||||||chr1:g.13649G>C||||||||4.552e-05|0|0|0|0|0|6.109e-05|0|0.0002073|||||||||||4.328|0.303370|||||||||||||||||||||||||||||||||||||||||||||||||,C|downstream_gene_variant|MODIFIER|MIR6859-1|ENSG00000278267|Transcript|ENST00000619216|miRNA||||||||||rs879707275|1|3720|-1|||SNV|HGNC|HGNC:50039|YES||||||||||Ensembl||G|G|||||||chr1:g.13649G>C||||||||4.552e-05|0|0|0|0|0|6.109e-05|0|0.0002073|||||||||||4.328|0.303370|||||||||||||||||||||||||||||||||||||||||||||||||,C|downstream_gene_variant|MODIFIER|WASH7P|653635|Transcript|NR_024540.1|transcribed_pseudogene||||||||||rs879707275|1|713|-1|||SNV|EntrezGene|HGNC:38034|YES||||||||||RefSeq||G|G|OK||||||chr1:g.13649G>C||||||||4.552e-05|0|0|0|0|0|6.109e-05|0|0.0002073|||||||||||4.328|0.303370|||||||||||||||||||||||||||||||||||||||||||||||||,C|non_coding_transcript_exon_variant|MODIFIER|DDX11L1|100287102|Transcript|NR_046018.2|transcribed_pseudogene|3/3||NR_046018.2:n.892G>C||892/1652|||||rs879707275|1||1||1|SNV|EntrezGene|HGNC:37102|YES||||||||||RefSeq||G|G|||||||chr1:g.13649G>C||||||||4.552e-05|0|0|0|0|0|6.109e-05|0|0.0002073|||||||||||4.328|0.303370|||||||||||||||||||||||||||||||||||||||||||||||||,C|downstream_gene_variant|MODIFIER|MIR6859-1|102466751|Transcript|NR_106918.1|miRNA||||||||||rs879707275|1|3720|-1|||SNV|EntrezGene|HGNC:50039|YES||||||||||RefSeq||G|G|||||||chr1:g.13649G>C||||||||4.552e-05|0|0|0|0|0|6.109e-05|0|0.0002073|||||||||||4.328|0.303370|||||||||||||||||||||||||||||||||||||||||||||||||,C|regulatory_region_variant|MODIFIER|||RegulatoryFeature|ENSR00001164745|promoter_flanking_region||||||||||rs879707275|1|||||SNV|||||||||||||||||||||||chr1:g.13649G>C||||||||4.552e-05|0|0|0|0|0|6.109e-05|0|0.0002073|||||||||||4.328|0.303370|||||||||||||||||||||||||||||||||||||||||||||||||	NA	NA	NA	NA	NA	NA	NA	NA	NA	NA	NA	NA	NA	NA	NA	NA	NA	NA	NA	NA	NA	NA	NA	NA	NA	NA	NA	NA	NA
1-13684-C-T	DDX11L1	0	InterVar: Uncertain significance PVS1=0 PS=[0, 0, 0, 0, 0] PM=[0, 0, 0, 0, 0, 0, 0] PP=[0, 0, 0, 0, 0, 0] BA1=0 BS=[1, 0, 0, 0, 0] BP=[0, 0, 0, 0, 0, 0, 0, 0]	No	.	Uncertain_significance	1	0.5	2	0.762	0.762	NA	9	NA	NA	3.0103	3.522	NA	NA	1	0.5	23.35	-1.179	NA	0,0,0	NA	2.18	4908	-0.762	2.266	-22.03	MQ	T|downstream_gene_variant|MODIFIER|DDX11L1|ENSG00000223972|Transcript|ENST00000450305|transcribed_unprocessed_pseudogene|||||||||||14|1||SNV|HGNC|HGNC:37102||||chr1:g.13684C>T,T|non_coding_transcript_exon_variant|MODIFIER|DDX11L1|ENSG00000223972|Transcript|ENST00000456328|processed_transcript|3/3||ENST00000456328.2:n.932C>T||932|||||||1||SNV|HGNC|HGNC:37102|YES|||chr1:g.13684C>T,T|downstream_gene_variant|MODIFIER|WASH7P|ENSG00000227232|Transcript|ENST00000488147|unprocessed_pseudogene|||||||||||720|-1||SNV|HGNC|HGNC:38034|YES|||chr1:g.13684C>T,T|downstream_gene_variant|MODIFIER|MIR6859-1|ENSG00000278267|Transcript|ENST00000619216|miRNA|||||||||||3685|-1||SNV|HGNC|HGNC:50039|YES|||chr1:g.13684C>T	NA	T|downstream_gene_variant|MODIFIER|DDX11L1|ENSG00000223972|Transcript|ENST00000450305|transcribed_unprocessed_pseudogene||||||||||rs71260404|1|14|1|||SNV|HGNC|HGNC:37102|YES||||||||||Ensembl||C|C|||||||chr1:g.13684C>T|||||||||||||||||||||||||||2.497|0.142382|||||||||||||||||||||||||||||||||||||||||||||||||,T|non_coding_transcript_exon_variant|MODIFIER|DDX11L1|ENSG00000223972|Transcript|ENST00000456328|processed_transcript|3/3||ENST00000456328.2:n.932C>T||932/1657|||||rs71260404|1||1|||SNV|HGNC|HGNC:37102||1|||||||||Ensembl||C|C|||||||chr1:g.13684C>T|||||||||||||||||||||||||||2.497|0.142382|||||||||||||||||||||||||||||||||||||||||||||||||,T|downstream_gene_variant|MODIFIER|WASH7P|ENSG00000227232|Transcript|ENST00000488147|unprocessed_pseudogene||||||||||rs71260404|1|720|-1|||SNV|HGNC|HGNC:38034|YES||||||||||Ensembl||C|C|||||||chr1:g.13684C>T|||||||||||||||||||||||||||2.497|0.142382|||||||||||||||||||||||||||||||||||||||||||||||||,T|downstream_gene_variant|MODIFIER|MIR6859-1|ENSG00000278267|Transcript|ENST00000619216|miRNA||||||||||rs71260404|1|3685|-1|||SNV|HGNC|HGNC:50039|YES||||||||||Ensembl||C|C|||||||chr1:g.13684C>T|||||||||||||||||||||||||||2.497|0.142382|||||||||||||||||||||||||||||||||||||||||||||||||,T|downstream_gene_variant|MODIFIER|WASH7P|653635|Transcript|NR_024540.1|transcribed_pseudogene||||||||||rs71260404|1|678|-1|||SNV|EntrezGene|HGNC:38034|YES||||||||||RefSeq||C|C|OK||||||chr1:g.13684C>T|||||||||||||||||||||||||||2.497|0.142382|||||||||||||||||||||||||||||||||||||||||||||||||,T|non_coding_transcript_exon_variant|MODIFIER|DDX11L1|100287102|Transcript|NR_046018.2|transcribed_pseudogene|3/3||NR_046018.2:n.927C>T||927/1652|||||rs71260404|1||1||1|SNV|EntrezGene|HGNC:37102|YES||||||||||RefSeq||C|C|||||||chr1:g.13684C>T|||||||||||||||||||||||||||2.497|0.142382|||||||||||||||||||||||||||||||||||||||||||||||||,T|downstream_gene_variant|MODIFIER|MIR6859-1|102466751|Transcript|NR_106918.1|miRNA||||||||||rs71260404|1|3685|-1|||SNV|EntrezGene|HGNC:50039|YES||||||||||RefSeq||C|C|||||||chr1:g.13684C>T|||||||||||||||||||||||||||2.497|0.142382|||||||||||||||||||||||||||||||||||||||||||||||||,T|regulatory_region_variant|MODIFIER|||RegulatoryFeature|ENSR00001164745|promoter_flanking_region||||||||||rs71260404|1|||||SNV|||||||||||||||||||||||chr1:g.13684C>T|||||||||||||||||||||||||||2.497|0.142382|||||||||||||||||||||||||||||||||||||||||||||||||	NA	NA	NA	NA	NA	NA	NA	NA	NA	NA	NA	NA	NA	NA	NA	NA	NA	NA	NA	NA	NA	NA	NA	NA	NA	NA	NA	NA	NA
1-13813-T-G	DDX11L1	0	InterVar: Uncertain significance PVS1=0 PS=[0, 0, 0, 0, 0] PM=[0, 0, 0, 0, 0, 0, 0] PP=[0, 0, 0, 0, 0, 0] BA1=0 BS=[1, 0, 0, 0, 0] BP=[0, 0, 0, 0, 0, 0, 0, 0]	No	.	Uncertain_significance	1	0.5	2	0.742	-0.742	NA	7	NA	NA	3.0103	0	NA	NA	1	0.5	25.81	-0.742	NA	0,0,0	NA	2.37	4663	0.742	0.368	-17.27	MQ	G|downstream_gene_variant|MODIFIER|DDX11L1|ENSG00000223972|Transcript|ENST00000450305|transcribed_unprocessed_pseudogene|||||||||||143|1||SNV|HGNC|HGNC:37102||||chr1:g.13813T>G,G|non_coding_transcript_exon_variant|MODIFIER|DDX11L1|ENSG00000223972|Transcript|ENST00000456328|processed_transcript|3/3||ENST00000456328.2:n.1061T>G||1061|||||||1||SNV|HGNC|HGNC:37102|YES|||chr1:g.13813T>G,G|downstream_gene_variant|MODIFIER|WASH7P|ENSG00000227232|Transcript|ENST00000488147|unprocessed_pseudogene|||||||||||591|-1||SNV|HGNC|HGNC:38034|YES|||chr1:g.13813T>G,G|downstream_gene_variant|MODIFIER|MIR6859-1|ENSG00000278267|Transcript|ENST00000619216|miRNA|||||||||||3556|-1||SNV|HGNC|HGNC:50039|YES|||chr1:g.13813T>G	NA	G|downstream_gene_variant|MODIFIER|DDX11L1|ENSG00000223972|Transcript|ENST00000450305|transcribed_unprocessed_pseudogene||||||||||rs1213979446|1|143|1|||SNV|HGNC|HGNC:37102|YES||||||||||Ensembl||T|T|||||||chr1:g.13813T>G|||||||||||||||||||||||||||3.517|0.234016|||||||||||||||||||||||||||||||||||||||||||||||||,G|non_coding_transcript_exon_variant|MODIFIER|DDX11L1|ENSG00000223972|Transcript|ENST00000456328|processed_transcript|3/3||ENST00000456328.2:n.1061T>G||1061/1657|||||rs1213979446|1||1|||SNV|HGNC|HGNC:37102||1|||||||||Ensembl||T|T|||||||chr1:g.13813T>G|||||||||||||||||||||||||||3.517|0.234016|||||||||||||||||||||||||||||||||||||||||||||||||,G|downstream_gene_variant|MODIFIER|WASH7P|ENSG00000227232|Transcript|ENST00000488147|unprocessed_pseudogene||||||||||rs1213979446|1|591|-1|||SNV|HGNC|HGNC:38034|YES||||||||||Ensembl||T|T|||||||chr1:g.13813T>G|||||||||||||||||||||||||||3.517|0.234016|||||||||||||||||||||||||||||||||||||||||||||||||,G|downstream_gene_variant|MODIFIER|MIR6859-1|ENSG00000278267|Transcript|ENST00000619216|miRNA||||||||||rs1213979446|1|3556|-1|||SNV|HGNC|HGNC:50039|YES||||||||||Ensembl||T|T|||||||chr1:g.13813T>G|||||||||||||||||||||||||||3.517|0.234016|||||||||||||||||||||||||||||||||||||||||||||||||,G|downstream_gene_variant|MODIFIER|WASH7P|653635|Transcript|NR_024540.1|transcribed_pseudogene||||||||||rs1213979446|1|549|-1|||SNV|EntrezGene|HGNC:38034|YES||||||||||RefSeq||T|T|OK||||||chr1:g.13813T>G|||||||||||||||||||||||||||3.517|0.234016|||||||||||||||||||||||||||||||||||||||||||||||||,G|non_coding_transcript_exon_variant|MODIFIER|DDX11L1|100287102|Transcript|NR_046018.2|transcribed_pseudogene|3/3||NR_046018.2:n.1056T>G||1056/1652|||||rs1213979446|1||1||1|SNV|EntrezGene|HGNC:37102|YES||||||||||RefSeq||T|T|||||||chr1:g.13813T>G|||||||||||||||||||||||||||3.517|0.234016|||||||||||||||||||||||||||||||||||||||||||||||||,G|downstream_gene_variant|MODIFIER|MIR6859-1|102466751|Transcript|NR_106918.1|miRNA||||||||||rs1213979446|1|3556|-1|||SNV|EntrezGene|HGNC:50039|YES||||||||||RefSeq||T|T|||||||chr1:g.13813T>G|||||||||||||||||||||||||||3.517|0.234016|||||||||||||||||||||||||||||||||||||||||||||||||,G|regulatory_region_variant|MODIFIER|||RegulatoryFeature|ENSR00001164745|promoter_flanking_region||||||||||rs1213979446|1|||||SNV|||||||||||||||||||||||chr1:g.13813T>G|||||||||||||||||||||||||||3.517|0.234016|||||||||||||||||||||||||||||||||||||||||||||||||	NA	NA	NA	NA	NA	NA	NA	NA	NA	NA	NA	NA	NA	NA	NA	NA	NA	NA	NA	NA	NA	NA	NA	NA	NA	NA	NA	NA	NA
1-13838-C-T	DDX11L1	0	InterVar: Uncertain significance PVS1=0 PS=[0, 0, 0, 0, 0] PM=[0, 0, 0, 0, 0, 0, 0] PP=[0, 0, 0, 0, 0, 0] BA1=0 BS=[1, 0, 0, 0, 0] BP=[0, 0, 0, 0, 0, 0, 0, 0]	No	rs200683566	Uncertain_significance	1	0.5	2	0.48	-1.271	NA	10	NA	NA	3.0103	0	NA	NA	1	0.5	26.23	-1.733	NA	0,0,0	NA	3.46	6879	0.898	0.976	-16.78	MQ	T|downstream_gene_variant|MODIFIER|DDX11L1|ENSG00000223972|Transcript|ENST00000450305|transcribed_unprocessed_pseudogene|||||||||||168|1||SNV|HGNC|HGNC:37102||||chr1:g.13838C>T,T|non_coding_transcript_exon_variant|MODIFIER|DDX11L1|ENSG00000223972|Transcript|ENST00000456328|processed_transcript|3/3||ENST00000456328.2:n.1086C>T||1086|||||||1||SNV|HGNC|HGNC:37102|YES|||chr1:g.13838C>T,T|downstream_gene_variant|MODIFIER|WASH7P|ENSG00000227232|Transcript|ENST00000488147|unprocessed_pseudogene|||||||||||566|-1||SNV|HGNC|HGNC:38034|YES|||chr1:g.13838C>T,T|downstream_gene_variant|MODIFIER|MIR6859-1|ENSG00000278267|Transcript|ENST00000619216|miRNA|||||||||||3531|-1||SNV|HGNC|HGNC:50039|YES|||chr1:g.13838C>T	NA	T|downstream_gene_variant|MODIFIER|DDX11L1|ENSG00000223972|Transcript|ENST00000450305|transcribed_unprocessed_pseudogene||||||||||rs28428499|1|168|1|||SNV|HGNC|HGNC:37102|YES||||||||||Ensembl||C|C|||||||chr1:g.13838C>T|||||||||||||||||||||||||||4.442|0.313180|||||||||||||||||||||||||||||||||||||||||||||||||,T|non_coding_transcript_exon_variant|MODIFIER|DDX11L1|ENSG00000223972|Transcript|ENST00000456328|processed_transcript|3/3||ENST00000456328.2:n.1086C>T||1086/1657|||||rs28428499|1||1|||SNV|HGNC|HGNC:37102||1|||||||||Ensembl||C|C|||||||chr1:g.13838C>T|||||||||||||||||||||||||||4.442|0.313180|||||||||||||||||||||||||||||||||||||||||||||||||,T|downstream_gene_variant|MODIFIER|WASH7P|ENSG00000227232|Transcript|ENST00000488147|unprocessed_pseudogene||||||||||rs28428499|1|566|-1|||SNV|HGNC|HGNC:38034|YES||||||||||Ensembl||C|C|||||||chr1:g.13838C>T|||||||||||||||||||||||||||4.442|0.313180|||||||||||||||||||||||||||||||||||||||||||||||||,T|downstream_gene_variant|MODIFIER|MIR6859-1|ENSG00000278267|Transcript|ENST00000619216|miRNA||||||||||rs28428499|1|3531|-1|||SNV|HGNC|HGNC:50039|YES||||||||||Ensembl||C|C|||||||chr1:g.13838C>T|||||||||||||||||||||||||||4.442|0.313180|||||||||||||||||||||||||||||||||||||||||||||||||,T|downstream_gene_variant|MODIFIER|WASH7P|653635|Transcript|NR_024540.1|transcribed_pseudogene||||||||||rs28428499|1|524|-1|||SNV|EntrezGene|HGNC:38034|YES||||||||||RefSeq||C|C|OK||||||chr1:g.13838C>T|||||||||||||||||||||||||||4.442|0.313180|||||||||||||||||||||||||||||||||||||||||||||||||,T|non_coding_transcript_exon_variant|MODIFIER|DDX11L1|100287102|Transcript|NR_046018.2|transcribed_pseudogene|3/3||NR_046018.2:n.1081C>T||1081/1652|||||rs28428499|1||1||1|SNV|EntrezGene|HGNC:37102|YES||||||||||RefSeq||C|C|||||||chr1:g.13838C>T|||||||||||||||||||||||||||4.442|0.313180|||||||||||||||||||||||||||||||||||||||||||||||||,T|downstream_gene_variant|MODIFIER|MIR6859-1|102466751|Transcript|NR_106918.1|miRNA||||||||||rs28428499|1|3531|-1|||SNV|EntrezGene|HGNC:50039|YES||||||||||RefSeq||C|C|||||||chr1:g.13838C>T|||||||||||||||||||||||||||4.442|0.313180|||||||||||||||||||||||||||||||||||||||||||||||||,T|regulatory_region_variant|MODIFIER|||RegulatoryFeature|ENSR00001164745|promoter_flanking_region||||||||||rs28428499|1|||||SNV|||||||||||||||||||||||chr1:g.13838C>T|||||||||||||||||||||||||||4.442|0.313180|||||||||||||||||||||||||||||||||||||||||||||||||	NA	NA	NA	NA	NA	NA	NA	NA	NA	NA	NA	NA	NA	NA	NA	NA	NA	NA	NA	NA	NA	NA	NA	NA	NA	NA	NA	NA	NA
1-14165-A-G	DDX11L1	0	InterVar: Uncertain significance PVS1=0 PS=[0, 0, 0, 0, 0] PM=[0, 0, 0, 0, 0, 0, 0] PP=[0, 0, 0, 0, 0, 0] BA1=0 BS=[1, 0, 0, 0, 0] BP=[0, 0, 0, 0, 0, 0, 0, 0]	No	.	Uncertain_significance	1	0.5	2	1.3	-0.55	NA	7	NA	NA	3.0103	3.68	NA	NA	1	0.5	23.3	1.75	NA	0,0,0	NA	8.23	3801	0	0.086	-21.65	MQ	G|downstream_gene_variant|MODIFIER|DDX11L1|ENSG00000223972|Transcript|ENST00000450305|transcribed_unprocessed_pseudogene|||||||||||495|1||SNV|HGNC|HGNC:37102||||chr1:g.14165A>G,G|non_coding_transcript_exon_variant|MODIFIER|DDX11L1|ENSG00000223972|Transcript|ENST00000456328|processed_transcript|3/3||ENST00000456328.2:n.1413A>G||1413|||||||1||SNV|HGNC|HGNC:37102|YES|||chr1:g.14165A>G,G|downstream_gene_variant|MODIFIER|WASH7P|ENSG00000227232|Transcript|ENST00000488147|unprocessed_pseudogene|||||||||||239|-1||SNV|HGNC|HGNC:38034|YES|||chr1:g.14165A>G,G|downstream_gene_variant|MODIFIER|MIR6859-1|ENSG00000278267|Transcript|ENST00000619216|miRNA|||||||||||3204|-1||SNV|HGNC|HGNC:50039|YES|||chr1:g.14165A>G	NA	G|downstream_gene_variant|MODIFIER|DDX11L1|ENSG00000223972|Transcript|ENST00000450305|transcribed_unprocessed_pseudogene||||||||||rs1473035832|1|495|1|||SNV|HGNC|HGNC:37102|YES||||||||||Ensembl||A|A|||||||chr1:g.14165A>G|||||||||||||||||||||||||||18.48|1.898689|||||||||||||||||||||||||||||||||||||||||||||||||,G|non_coding_transcript_exon_variant|MODIFIER|DDX11L1|ENSG00000223972|Transcript|ENST00000456328|processed_transcript|3/3||ENST00000456328.2:n.1413A>G||1413/1657|||||rs1473035832|1||1|||SNV|HGNC|HGNC:37102||1|||||||||Ensembl||A|A|||||||chr1:g.14165A>G|||||||||||||||||||||||||||18.48|1.898689|||||||||||||||||||||||||||||||||||||||||||||||||,G|downstream_gene_variant|MODIFIER|WASH7P|ENSG00000227232|Transcript|ENST00000488147|unprocessed_pseudogene||||||||||rs1473035832|1|239|-1|||SNV|HGNC|HGNC:38034|YES||||||||||Ensembl||A|A|||||||chr1:g.14165A>G|||||||||||||||||||||||||||18.48|1.898689|||||||||||||||||||||||||||||||||||||||||||||||||,G|downstream_gene_variant|MODIFIER|MIR6859-1|ENSG00000278267|Transcript|ENST00000619216|miRNA||||||||||rs1473035832|1|3204|-1|||SNV|HGNC|HGNC:50039|YES||||||||||Ensembl||A|A|||||||chr1:g.14165A>G|||||||||||||||||||||||||||18.48|1.898689|||||||||||||||||||||||||||||||||||||||||||||||||,G|downstream_gene_variant|MODIFIER|WASH7P|653635|Transcript|NR_024540.1|transcribed_pseudogene||||||||||rs1473035832|1|197|-1|||SNV|EntrezGene|HGNC:38034|YES||||||||||RefSeq||A|A|OK||||||chr1:g.14165A>G|||||||||||||||||||||||||||18.48|1.898689|||||||||||||||||||||||||||||||||||||||||||||||||,G|non_coding_transcript_exon_variant|MODIFIER|DDX11L1|100287102|Transcript|NR_046018.2|transcribed_pseudogene|3/3||NR_046018.2:n.1408A>G||1408/1652|||||rs1473035832|1||1||1|SNV|EntrezGene|HGNC:37102|YES||||||||||RefSeq||A|A|||||||chr1:g.14165A>G|||||||||||||||||||||||||||18.48|1.898689|||||||||||||||||||||||||||||||||||||||||||||||||,G|downstream_gene_variant|MODIFIER|MIR6859-1|102466751|Transcript|NR_106918.1|miRNA||||||||||rs1473035832|1|3204|-1|||SNV|EntrezGene|HGNC:50039|YES||||||||||RefSeq||A|A|||||||chr1:g.14165A>G|||||||||||||||||||||||||||18.48|1.898689|||||||||||||||||||||||||||||||||||||||||||||||||,G|regulatory_region_variant|MODIFIER|||RegulatoryFeature|ENSR00001164745|promoter_flanking_region||||||||||rs1473035832|1|||||SNV|||||||||||||||||||||||chr1:g.14165A>G|||||||||||||||||||||||||||18.48|1.898689|||||||||||||||||||||||||||||||||||||||||||||||||,G|regulatory_region_variant|MODIFIER|||RegulatoryFeature|ENSR00001164746|CTCF_binding_site||||||||||rs1473035832|1|||||SNV|||||||||||||||||||||||chr1:g.14165A>G|||||||||||||||||||||||||||18.48|1.898689|||||||||||||||||||||||||||||||||||||||||||||||||	NA	NA	NA	NA	NA	NA	NA	NA	NA	NA	NA	NA	NA	NA	NA	NA	NA	NA	NA	NA	NA	NA	NA	NA	NA	NA	NA	NA	NA
1-14397-CTGT-C	DDX11L1	0	InterVar: Uncertain significance PVS1=0 PS=[0, 0, 0, 0, 0] PM=[0, 0, 0, 0, 0, 0, 0] PP=[0, 0, 0, 0, 0, 0] BA1=0 BS=[1, 0, 0, 0, 0] BP=[0, 0, 0, 0, 0, 0, 0, 0]	No	rs370886505	Uncertain_significance	1	0.5	2	1.03	-1.026	NA	4	NA	NA	3.0103	0	NA	NA	1	0.5	28.44	-1.026	NA	0,0,0	NA	17.65	3236	0	2.303	-1.606	DP	-|downstream_gene_variant|MODIFIER|DDX11L1|ENSG00000223972|Transcript|ENST00000450305|transcribed_unprocessed_pseudogene|||||||||||728|1||deletion|HGNC|HGNC:37102||||chr1:g.14400_14402del,-|non_coding_transcript_exon_variant|MODIFIER|DDX11L1|ENSG00000223972|Transcript|ENST00000456328|processed_transcript|3/3||ENST00000456328.2:n.1648_1650del||1646-1648|||||||1||deletion|HGNC|HGNC:37102|YES||2|chr1:g.14400_14402del,-|downstream_gene_variant|MODIFIER|WASH7P|ENSG00000227232|Transcript|ENST00000488147|unprocessed_pseudogene|||||||||||4|-1||deletion|HGNC|HGNC:38034|YES|||chr1:g.14400_14402del,-|downstream_gene_variant|MODIFIER|MIR6859-1|ENSG00000278267|Transcript|ENST00000619216|miRNA|||||||||||2969|-1||deletion|HGNC|HGNC:50039|YES|||chr1:g.14400_14402del	NA	-|downstream_gene_variant|MODIFIER|DDX11L1|ENSG00000223972|Transcript|ENST00000450305|transcribed_unprocessed_pseudogene||||||||||rs756427959|1|728|1|||deletion|HGNC|HGNC:37102|YES||||||||||Ensembl||TGT|TGT|||||||chr1:g.14400_14402del|||||||||||||||||||||||||||0.771|-0.115213|||||||||||||||||||||||||||||||||||||||||||||||||,-|non_coding_transcript_exon_variant|MODIFIER|DDX11L1|ENSG00000223972|Transcript|ENST00000456328|processed_transcript|3/3||ENST00000456328.2:n.1648_1650del||1646-1648/1657|||||rs756427959|1||1|||deletion|HGNC|HGNC:37102||1|||||||||Ensembl||TGT|TGT|||||||chr1:g.14400_14402del|||||||||||||||||||||||||||0.771|-0.115213|||||||||||||||||||||||||||||||||||||||||||||||||,-|downstream_gene_variant|MODIFIER|WASH7P|ENSG00000227232|Transcript|ENST00000488147|unprocessed_pseudogene||||||||||rs756427959|1|4|-1|||deletion|HGNC|HGNC:38034|YES||||||||||Ensembl||TGT|TGT|||||||chr1:g.14400_14402del|||||||||||||||||||||||||||0.771|-0.115213|||||||||||||||||||||||||||||||||||||||||||||||||,-|downstream_gene_variant|MODIFIER|MIR6859-1|ENSG00000278267|Transcript|ENST00000619216|miRNA||||||||||rs756427959|1|2969|-1|||deletion|HGNC|HGNC:50039|YES||||||||||Ensembl||TGT|TGT|||||||chr1:g.14400_14402del|||||||||||||||||||||||||||0.771|-0.115213|||||||||||||||||||||||||||||||||||||||||||||||||,-|non_coding_transcript_exon_variant|MODIFIER|WASH7P|653635|Transcript|NR_024540.1|transcribed_pseudogene|11/11||NR_024540.1:n.1731_1733del||1731-1733/1769|||||rs756427959|1||-1||1|deletion|EntrezGene|HGNC:38034|YES||||||||||RefSeq||TGT|TGT|OK||||||chr1:g.14400_14402del|||||||||||||||||||||||||||0.771|-0.115213|||||||||||||||||||||||||||||||||||||||||||||||||,-|non_coding_transcript_exon_variant|MODIFIER|DDX11L1|100287102|Transcript|NR_046018.2|transcribed_pseudogene|3/3||NR_046018.2:n.1643_1645del||1641-1643/1652|||||rs756427959|1||1|||deletion|EntrezGene|HGNC:37102|YES||||||||||RefSeq||TGT|TGT|||||||chr1:g.14400_14402del|||||||||||||||||||||||||||0.771|-0.115213|||||||||||||||||||||||||||||||||||||||||||||||||,-|downstream_gene_variant|MODIFIER|MIR6859-1|102466751|Transcript|NR_106918.1|miRNA||||||||||rs756427959|1|2969|-1|||deletion|EntrezGene|HGNC:50039|YES||||||||||RefSeq||TGT|TGT|||||||chr1:g.14400_14402del|||||||||||||||||||||||||||0.771|-0.115213|||||||||||||||||||||||||||||||||||||||||||||||||,-|regulatory_region_variant|MODIFIER|||RegulatoryFeature|ENSR00001164745|promoter_flanking_region||||||||||rs756427959|1|||||deletion|||||||||||||||||||||||chr1:g.14400_14402del|||||||||||||||||||||||||||0.771|-0.115213|||||||||||||||||||||||||||||||||||||||||||||||||	NA	NA	1907	104926	0.0181747	0	1260	41982	0.0300129	0	370	23266	0.015903	0.0176976	NA	.	NA	NA	NA	NA	NA	NA	NA	NA	NA	NA	NA	NA	NA
1-14470-G-A	WASH7P	0	InterVar: Uncertain significance PVS1=0 PS=[0, 0, 0, 0, 0] PM=[0, 0, 0, 0, 0, 0, 0] PP=[0, 0, 0, 0, 0, 0] BA1=0 BS=[0, 0, 0, 0, 0] BP=[0, 0, 0, 0, 0, 0, 0, 0]	No	.	Uncertain_significance	1	0.5	2	0.296	0.296	NA	10	NA	NA	3.0103	0	NA	NA	1	0.5	27.87	-0.546	NA	0,0,0	NA	4.86	7767	1.58	1.061	-16.57	MQ	A|downstream_gene_variant|MODIFIER|DDX11L1|ENSG00000223972|Transcript|ENST00000450305|transcribed_unprocessed_pseudogene|||||||||||800|1||SNV|HGNC|HGNC:37102||||chr1:g.14470G>A,A|downstream_gene_variant|MODIFIER|DDX11L1|ENSG00000223972|Transcript|ENST00000456328|processed_transcript|||||||||||61|1||SNV|HGNC|HGNC:37102|YES|||chr1:g.14470G>A,A|non_coding_transcript_exon_variant|MODIFIER|WASH7P|ENSG00000227232|Transcript|ENST00000488147|unprocessed_pseudogene|11/11||ENST00000488147.1:n.1285C>T||1285|||||||-1||SNV|HGNC|HGNC:38034|YES|||chr1:g.14470G>A,A|downstream_gene_variant|MODIFIER|MIR6859-1|ENSG00000278267|Transcript|ENST00000619216|miRNA|||||||||||2899|-1||SNV|HGNC|HGNC:50039|YES|||chr1:g.14470G>A	NA	A|downstream_gene_variant|MODIFIER|DDX11L1|ENSG00000223972|Transcript|ENST00000450305|transcribed_unprocessed_pseudogene||||||||||rs1385614989|1|800|1|||SNV|HGNC|HGNC:37102|YES||||||||||Ensembl||G|G|||||||chr1:g.14470G>A|||||||||||||||||||||||||||2.332|0.125855|||||||||||||||||||||||||||||||||||||||||||||||||,A|downstream_gene_variant|MODIFIER|DDX11L1|ENSG00000223972|Transcript|ENST00000456328|processed_transcript||||||||||rs1385614989|1|61|1|||SNV|HGNC|HGNC:37102||1|||||||||Ensembl||G|G|||||||chr1:g.14470G>A|||||||||||||||||||||||||||2.332|0.125855|||||||||||||||||||||||||||||||||||||||||||||||||,A|non_coding_transcript_exon_variant|MODIFIER|WASH7P|ENSG00000227232|Transcript|ENST00000488147|unprocessed_pseudogene|11/11||ENST00000488147.1:n.1285C>T||1285/1351|||||rs1385614989|1||-1|||SNV|HGNC|HGNC:38034|YES||||||||||Ensembl||G|G|||||||chr1:g.14470G>A|||||||||||||||||||||||||||2.332|0.125855|||||||||||||||||||||||||||||||||||||||||||||||||,A|downstream_gene_variant|MODIFIER|MIR6859-1|ENSG00000278267|Transcript|ENST00000619216|miRNA||||||||||rs1385614989|1|2899|-1|||SNV|HGNC|HGNC:50039|YES||||||||||Ensembl||G|G|||||||chr1:g.14470G>A|||||||||||||||||||||||||||2.332|0.125855|||||||||||||||||||||||||||||||||||||||||||||||||,A|non_coding_transcript_exon_variant|MODIFIER|WASH7P|653635|Transcript|NR_024540.1|transcribed_pseudogene|11/11||NR_024540.1:n.1661C>T||1661/1769|||||rs1385614989|1||-1||1|SNV|EntrezGene|HGNC:38034|YES||||||||||RefSeq||G|G|OK||||||chr1:g.14470G>A|||||||||||||||||||||||||||2.332|0.125855|||||||||||||||||||||||||||||||||||||||||||||||||,A|downstream_gene_variant|MODIFIER|DDX11L1|100287102|Transcript|NR_046018.2|transcribed_pseudogene||||||||||rs1385614989|1|61|1|||SNV|EntrezGene|HGNC:37102|YES||||||||||RefSeq||G|G|||||||chr1:g.14470G>A|||||||||||||||||||||||||||2.332|0.125855|||||||||||||||||||||||||||||||||||||||||||||||||,A|downstream_gene_variant|MODIFIER|MIR6859-1|102466751|Transcript|NR_106918.1|miRNA||||||||||rs1385614989|1|2899|-1|||SNV|EntrezGene|HGNC:50039|YES||||||||||RefSeq||G|G|||||||chr1:g.14470G>A|||||||||||||||||||||||||||2.332|0.125855|||||||||||||||||||||||||||||||||||||||||||||||||,A|regulatory_region_variant|MODIFIER|||RegulatoryFeature|ENSR00001164745|promoter_flanking_region||||||||||rs1385614989|1|||||SNV|||||||||||||||||||||||chr1:g.14470G>A|||||||||||||||||||||||||||2.332|0.125855|||||||||||||||||||||||||||||||||||||||||||||||||	NA	NA	595	129638	0.0045897	0	50	3684	0.0135722	0	180	27864	0.00645995	0.0046522	NA	.	NA	NA	NA	NA	NA	NA	NA	NA	NA	NA	NA	NA	NA
1-14591-G-A	WASH7P	0	InterVar: Uncertain significance PVS1=0 PS=[0, 0, 0, 0, 0] PM=[0, 0, 0, 0, 0, 0, 0] PP=[0, 0, 0, 0, 0, 0] BA1=0 BS=[1, 0, 0, 0, 0] BP=[0, 0, 0, 0, 0, 0, 0, 0]	No	.	Uncertain_significance	1	0.5	2	0.888	0.888	NA	13	NA	NA	3.0103	0	NA	NA	1	0.5	25.54	-1.678	NA	0,0,0	NA	3.35	8479	0.888	0.593	-17.26	MQ	A|downstream_gene_variant|MODIFIER|DDX11L1|ENSG00000223972|Transcript|ENST00000450305|transcribed_unprocessed_pseudogene|||||||||||920|1||SNV|HGNC|HGNC:37102||||chr1:g.14590G>A,A|downstream_gene_variant|MODIFIER|DDX11L1|ENSG00000223972|Transcript|ENST00000456328|processed_transcript|||||||||||181|1||SNV|HGNC|HGNC:37102|YES|||chr1:g.14590G>A,A|intron_variant&non_coding_transcript_variant|MODIFIER|WASH7P|ENSG00000227232|Transcript|ENST00000488147|unprocessed_pseudogene||10/10|ENST00000488147.1:n.1254-89C>T|||||||||-1||SNV|HGNC|HGNC:38034|YES|||chr1:g.14590G>A,A|downstream_gene_variant|MODIFIER|MIR6859-1|ENSG00000278267|Transcript|ENST00000619216|miRNA|||||||||||2779|-1||SNV|HGNC|HGNC:50039|YES|||chr1:g.14590G>A	NA	A|downstream_gene_variant|MODIFIER|DDX11L1|ENSG00000223972|Transcript|ENST00000450305|transcribed_unprocessed_pseudogene||||||||||rs707679|1|920|1|||SNV|HGNC|HGNC:37102|YES||||||||||Ensembl||G|G|||||||chr1:g.14590G>A|||||||||||||||||||||||||||2.920|0.181925|||||||||||||||||||||||||||||||||||||||||||||||||,A|downstream_gene_variant|MODIFIER|DDX11L1|ENSG00000223972|Transcript|ENST00000456328|processed_transcript||||||||||rs707679|1|181|1|||SNV|HGNC|HGNC:37102||1|||||||||Ensembl||G|G|||||||chr1:g.14590G>A|||||||||||||||||||||||||||2.920|0.181925|||||||||||||||||||||||||||||||||||||||||||||||||,A|intron_variant&non_coding_transcript_variant|MODIFIER|WASH7P|ENSG00000227232|Transcript|ENST00000488147|unprocessed_pseudogene||10/10|ENST00000488147.1:n.1254-89C>T|||||||rs707679|1||-1|||SNV|HGNC|HGNC:38034|YES||||||||||Ensembl||G|G|||||||chr1:g.14590G>A|||||||||||||||||||||||||||2.920|0.181925|||||||||||||||||||||||||||||||||||||||||||||||||,A|downstream_gene_variant|MODIFIER|MIR6859-1|ENSG00000278267|Transcript|ENST00000619216|miRNA||||||||||rs707679|1|2779|-1|||SNV|HGNC|HGNC:50039|YES||||||||||Ensembl||G|G|||||||chr1:g.14590G>A|||||||||||||||||||||||||||2.920|0.181925|||||||||||||||||||||||||||||||||||||||||||||||||,A|non_coding_transcript_exon_variant|MODIFIER|WASH7P|653635|Transcript|NR_024540.1|transcribed_pseudogene|11/11||NR_024540.1:n.1541C>T||1541/1769|||||rs707679|1||-1||1|SNV|EntrezGene|HGNC:38034|YES||||||||||RefSeq||G|G|OK||||||chr1:g.14590G>A|||||||||||||||||||||||||||2.920|0.181925|||||||||||||||||||||||||||||||||||||||||||||||||,A|downstream_gene_variant|MODIFIER|DDX11L1|100287102|Transcript|NR_046018.2|transcribed_pseudogene||||||||||rs707679|1|181|1|||SNV|EntrezGene|HGNC:37102|YES||||||||||RefSeq||G|G|||||||chr1:g.14590G>A|||||||||||||||||||||||||||2.920|0.181925|||||||||||||||||||||||||||||||||||||||||||||||||,A|downstream_gene_variant|MODIFIER|MIR6859-1|102466751|Transcript|NR_106918.1|miRNA||||||||||rs707679|1|2779|-1|||SNV|EntrezGene|HGNC:50039|YES||||||||||RefSeq||G|G|||||||chr1:g.14590G>A|||||||||||||||||||||||||||2.920|0.181925|||||||||||||||||||||||||||||||||||||||||||||||||,A|regulatory_region_variant|MODIFIER|||RegulatoryFeature|ENSR00001164745|promoter_flanking_region||||||||||rs707679|1|||||SNV|||||||||||||||||||||||chr1:g.14590G>A|||||||||||||||||||||||||||2.920|0.181925|||||||||||||||||||||||||||||||||||||||||||||||||	NA	NA	NA	NA	NA	NA	NA	NA	NA	NA	NA	NA	NA	NA	NA	NA	NA	NA	NA	NA	NA	NA	NA	NA	NA	NA	NA	NA	NA
